<TICKER>,<DTYYYYMMDD>,<FIRST>,<HIGH>,<LOW>,<CLOSE>,<VALUE>,<VOL>,<OPENINT>,<PER>,<OPEN>,<LAST>,,,<TICKER>,<DTYYYYMMDD>,<FIRST>,<HIGH>,<LOW>,<CLOSE>,<VALUE>,<VOL>,<OPENINT>,<PER>,<OPEN>,<LAST>,,first,high,low,close
Gold.Coin.9712,20181003,4490000,4490000,4250000,4377230,55984770450,12790,472,D,4470081,4335000,,,Lotus.Gold.Com.ETF,20181003,34351,34351,32701,33489,1.23784E+11,3696253,1887,D,32384,32963,,130.7094408,130.7094408,129.9654445,130.7065006
Gold.Coin.9712,20181002,4469444,4560000,4469444,4470081,1.68701E+11,37740,251,D,4704678,4469444,,,Lotus.Gold.Com.ETF,20181002,30300,33890,30250,32384,1.90044E+11,5868453,2481,D,35382,33801,,147.5064026,134.5529655,147.7502149,138.0336277
Gold.Coin.9712,20181001,4800001,4821001,4672372,4704678,1.54737E+11,32890,619,D,4918287,4672372,,,Lotus.Gold.Com.ETF,20181001,35966,36599,34700,35382,2.64972E+11,7488892,2657,D,37778,34700,,133.4594061,131.7249378,134.6504899,132.9681194
Gold.Coin.9712,20180930,5000000,5000000,4906970,4918287,60249017710,12250,354,D,5165232,4906970,,,Lotus.Gold.Com.ETF,20180930,38496,38496,36918,37778,1.65792E+11,4388645,1415,D,39491,36941,,129.8836243,129.8836243,132.91538,130.1891842
Gold.Coin.9712,20180929,5090000,5399999,5090000,5165232,1.34141E+11,25970,732,D,5297372,5105000,,,Lotus.Gold.Com.ETF,20180929,38500,40050,38500,39491,2.85749E+11,7235764,2674,D,40714,39190,,132.2077922,134.8314357,132.2077922,130.7951685
Gold.Coin.9712,20180926,5297372,5297372,5297372,5297372,31254494800,5900,106,D,5045116,5297372,,,Lotus.Gold.Com.ETF,20180926,41200,41499,40200,40714,2.6655E+11,6546858,3310,D,38594,40499,,128.5769903,127.650594,131.7754229,130.1118043
Gold.Coin.9712,20180925,5000000,5123000,4950002,5045116,35820324600,7100,340,D,4977974,5030000,,,Lotus.Gold.Com.ETF,20180925,37998,39181,37600,38594,2.31798E+11,6006113,2383,D,38263,38280,,131.5858729,130.7521503,131.6489894,130.7228067
Gold.Coin.9712,20180924,4977981,4977981,4970000,4977974,60133930520,12080,290,D,4740935,4977981,,,Lotus.Gold.Com.ETF,20180924,38560,38700,38000,38263,1.73377E+11,4531218,2262,D,36647,38480,,129.0970176,128.63,130.7894737,130.0988945
Gold.Coin.9712,20180923,4767000,4796000,4680000,4740935,31195354910,6580,259,D,4754341,4796000,,,Lotus.Gold.Com.ETF,20180923,36511,36850,36302,36647,1.16733E+11,3185299,1666,D,36574,36800,,130.5633919,130.1492537,128.9185169,129.3676154
Gold.Coin.9712,20180922,4800000,4800000,4700000,4754341,34326343830,7220,243,D,4754008,4700001,,,Lotus.Gold.Com.ETF,20180922,36879,37079,36270,36574,1.92966E+11,5276056,1858,D,36453,36331,,130.155373,129.4533294,129.583678,129.9923716
Gold.Coin.9712,20180918,4660000,4807998,4660000,4754008,69741295430,14670,359,D,4653177,4750000,,,Lotus.Gold.Com.ETF,20180918,36000,36810,35851,36453,2.31759E+11,6357822,2703,D,35741,36801,,129.4444444,130.6166259,129.9824273,130.4147258
Gold.Coin.9712,20180917,4720000,4720000,4600012,4653177,28151721770,6050,226,D,4666592,4665000,,,Lotus.Gold.Com.ETF,20180917,36005,36100,35651,35741,73916342783,2068139,1272,D,36021,35825,,131.0929038,130.7479224,129.0289753,130.1915727
Gold.Coin.9712,20180916,4615100,4671521,4615100,4666592,47925903510,10270,290,D,4449068,4656000,,,Lotus.Gold.Com.ETF,20180916,36000,36299,35800,36021,1.64487E+11,4566392,1822,D,34577,35856,,128.1972222,128.6955839,128.9134078,129.5519836
Gold.Coin.9712,20180915,4410500,4495000,4360000,4449068,41954715790,9430,237,D,4402773,4490000,,,Lotus.Gold.Com.ETF,20180915,34459,34995,34120,34577,1.43519E+11,4150694,1527,D,34459,34841,,127.992687,128.446921,127.7842907,128.6713133
Gold.Coin.9712,20180912,4435555,4454000,4375000,4402773,34958020390,7940,341,D,4536867,4406000,,,Lotus.Gold.Com.ETF,20180912,34080,34700,34080,34459,57431540578,1666642,1652,D,35754,34603,,130.1512617,128.3573487,128.3744131,127.7684495
Gold.Coin.9712,20180911,4597300,4597300,4400000,4536867,49996273190,11020,385,D,4378381,4476012,,,Lotus.Gold.Com.ETF,20180911,37000,37200,34510,35754,3.26482E+11,9131264,3637,D,35049,35297,,124.2513514,123.5833333,127.4992756,126.891173
Gold.Coin.9712,20180910,4378382,4378382,4378300,4378381,20753529440,4740,64,D,4169888,4378382,,,Lotus.Gold.Com.ETF,20180910,34200,35398,34200,35049,2.47399E+11,7058584,3080,D,32129,35299,,128.0228655,123.6900955,128.0204678,124.9217096
Gold.Coin.9712,20180909,4000000,4398000,3999999,4169888,66384625590,15920,639,D,4758295,4232000,,,Lotus.Gold.Com.ETF,20180909,30255,33670,30255,32129,2.42633E+11,7551870,3141,D,33853,32910,,132.2095521,130.6207306,132.2095191,129.785801
Gold.Coin.9712,20180908,4758295,4758295,4758295,4758295,237914750,50,4,D,4806359,4758295,,,Lotus.Gold.Com.ETF,20180908,34520,34571,33160,33853,1.47997E+11,4371763,3538,D,39362,33400,,137.841686,137.6383385,143.4950241,140.5575577
Gold.Coin.9712,20180905,4819051,4819051,4723625,4806359,1.22706E+11,25530,373,D,4771338,4723625,,,Lotus.Gold.Com.ETF,20180905,42100,42560,36520,39362,4.11302E+11,10449311,6038,D,40158,36521,,114.4667696,113.2295818,129.3435104,122.1065749
Gold.Coin.9712,20180904,4771338,4771338,4771338,4771338,60261998940,12630,73,D,4724098,4771338,,,Lotus.Gold.Com.ETF,20180904,39700,40999,39451,40158,3.45361E+11,8599969,3707,D,37734,40797,,120.1848363,116.376936,120.9433981,118.8141342
Gold.Coin.9712,20180903,4724098,4724098,4724098,4724098,47996835680,10160,135,D,4499141,4724098,,,Lotus.Gold.Com.ETF,20180903,38400,38400,36610,37734,2.69261E+11,7135802,4044,D,36020,38300,,123.0233854,123.0233854,129.0384594,125.1947315
Gold.Coin.9712,20180902,4499141,4499141,4499141,4499141,19481280530,4330,47,D,4284897,4499141,,,Lotus.Gold.Com.ETF,20180902,36350,36500,35402,36020,3.0925E+11,8585547,3483,D,32924,35593,,123.7727923,123.264137,127.0871985,124.9067463
Gold.Coin.9712,20180901,4151213,4347000,4151213,4284897,56346393880,13150,435,D,4148067,4347000,,,Lotus.Gold.Com.ETF,20180901,32400,33200,32310,32924,1.70691E+11,5184381,1455,D,32275,33199,,128.123858,130.9337349,128.480749,130.1450917
Gold.Coin.9712,20180829,4230000,4230000,4100000,4148067,47702769640,11500,458,D,4232748,4175000,,,Lotus.Gold.Com.ETF,20180829,32949,32949,31921,32275,1.45218E+11,4499336,1759,D,32964,32201,,128.380224,128.380224,128.4420914,128.5226026
Gold.Coin.9712,20180828,4241079,4241079,4161000,4232748,52020470430,12290,371,D,4039123,4241079,,,Lotus.Gold.Com.ETF,20180828,32701,33150,32701,32964,1.55903E+11,4729546,1866,D,31414,33140,,129.6926394,127.9360181,127.2438152,128.4051693
Gold.Coin.9712,20180827,3990000,4090000,3990000,4039123,37604236080,9310,365,D,3923585,4070000,,,Lotus.Gold.Com.ETF,20180827,31100,31601,31015,31414,1.55143E+11,4938700,1556,D,30459,31512,,128.2958199,129.426284,128.6474287,128.577163
Gold.Coin.9712,20180826,3900001,3946327,3900000,3923585,30839379320,7860,303,D,3868948,3934444,,,Lotus.Gold.Com.ETF,20180826,30205,30585,30205,30459,1.20008E+11,3939974,1132,D,30103,30520,,129.1177289,129.0281838,129.1176957,128.8152927
Gold.Coin.9712,20180825,3850000,3895000,3847000,3868948,38457343330,9940,384,D,3957786,3870000,,,Lotus.Gold.Com.ETF,20180825,30200,30260,29750,30103,52510380544,1744349,1128,D,30568,30150,,127.4834437,128.7177792,129.3109244,128.5236687
Gold.Coin.9712,20180821,3901000,3975000,3901000,3957786,31662289470,8000,391,D,3852539,3970000,,,Lotus.Gold.Com.ETF,20180821,30100,30715,30100,30568,2.03229E+11,6648385,1739,D,29765,30640,,129.6013289,129.415595,129.6013289,129.4748103
Gold.Coin.9712,20180820,3830002,3869997,3830002,3852539,36367971940,9440,318,D,3756877,3865000,,,Lotus.Gold.Com.ETF,20180820,29507,29911,29507,29765,1.75425E+11,5893732,1462,D,29175,29800,,129.7997763,129.3837384,129.7997763,129.4318495
Gold.Coin.9712,20180819,3682011,3799788,3682011,3756877,50079175080,13330,447,D,3810330,3788000,,,Lotus.Gold.Com.ETF,20180819,28965,29450,28500,29175,1.70034E+11,5828147,1816,D,29659,29124,,127.1193164,129.0250594,129.1933684,128.7704199
Gold.Coin.9712,20180818,3820000,3830000,3790000,3810330,31435223050,8250,296,D,3859252,3805002,,,Lotus.Gold.Com.ETF,20180818,29295,29848,29295,29659,1.28171E+11,4321485,1439,D,29952,29600,,130.3976788,128.3168051,129.3736132,128.4712903
Gold.Coin.9712,20180815,3897000,3899000,3825000,3859252,54762782830,14190,539,D,3923882,3834000,,,Lotus.Gold.Com.ETF,20180815,30000,30269,29687,29952,1.23759E+11,4131930,1729,D,30326,29750,,129.9,128.8116555,128.8442753,128.84789
Gold.Coin.9712,20180814,3950000,3962000,3875000,3923882,58505085340,14910,495,D,3773780,3962000,,,Lotus.Gold.Com.ETF,20180814,29999,30647,29801,30326,2.1655E+11,7140747,2255,D,29339,30444,,131.6710557,129.2785591,130.0291937,129.3900284
Gold.Coin.9712,20180813,3857000,3857000,3740000,3773780,56606705860,15000,517,D,3685102,3790000,,,Lotus.Gold.Com.ETF,20180813,29213,29600,29150,29339,1.80242E+11,6143361,1867,D,28695,29350,,132.0302605,130.3040541,128.3018868,128.6267426
Gold.Coin.9712,20180812,3708165,3708165,3602000,3685102,66110731040,17940,530,D,3531586,3708165,,,Lotus.Gold.Com.ETF,20180812,29000,29450,27800,28695,3.96828E+11,13828991,2561,D,29576,29300,,127.8677586,125.9139219,129.5683453,128.4231399
Gold.Coin.9712,20180811,3531586,3531586,3531586,3531586,3884744600,1100,12,D,3363416,3531586,,,Lotus.Gold.Com.ETF,20180811,30009,30300,29001,29576,3.7142E+11,12558351,3419,D,26698,30001,,117.6842281,116.5539934,121.7746285,119.4071544
Gold.Coin.9712,20180808,3300000,3470000,3260000,3363416,1.13583E+11,33770,999,D,3322301,3450000,,,Lotus.Gold.Com.ETF,20180808,26001,27000,26000,26698,1.74654E+11,6541798,2109,D,25037,26890,,126.9181955,128.5185185,125.3846154,125.9800734
Gold.Coin.9712,20180807,3322301,3322301,3322301,3322301,15083246540,4540,115,D,3497159,3322301,,,Lotus.Gold.Com.ETF,20180807,25030,25299,24900,25037,62942533906,2513960,815,D,26443,25011,,132.7327607,131.3214356,133.425743,132.6956504
Gold.Coin.9712,20180806,3497159,3497159,3497159,3497159,15387499600,4400,102,D,3681221,3497159,,,Lotus.Gold.Com.ETF,20180806,26900,27330,25100,26443,1.49368E+11,5648649,1727,D,27880,25199,,130.0059108,127.9604464,139.3290438,132.2527323
Gold.Coin.9712,20180805,3681031,3719000,3681031,3681221,65525733370,17800,433,D,3874770,3681031,,,Lotus.Gold.Com.ETF,20180805,26850,28500,26820,27880,3.797E+11,13618888,2623,D,30159,27551,,137.0961266,130.4912281,137.249478,132.038056
Gold.Coin.9712,20180804,3965706,3965706,3814198,3874770,65948584790,17020,486,D,4014946,3814198,,,Lotus.Gold.Com.ETF,20180804,30570,30600,29011,30159,4.20382E+11,13938718,2093,D,31119,29195,,129.7254171,129.5982353,131.4741994,128.4780662
Gold.Coin.9712,20180801,4075000,4130000,3925000,4014946,79335327260,19760,770,D,4026333,3925001,,,Lotus.Gold.Com.ETF,20180801,30611,31699,30501,31119,2.979E+11,9572923,2457,D,31291,30700,,133.1220803,130.2880217,128.6843054,129.0191202
Gold.Coin.9712,20180731,4178241,4178241,3788888,4026333,1.09154E+11,27110,1051,D,3979277,3835000,,,Lotus.Gold.Com.ETF,20180731,32510,32511,29800,31291,6.45243E+11,20620916,4286,D,33289,29900,,128.5217164,128.5177632,127.1438926,128.6738359
Gold.Coin.9712,20180730,3979277,3979277,3979277,3979277,1273368640,320,9,D,3789788,3979277,,,Lotus.Gold.Com.ETF,20180730,32989,33700,32300,33289,4.34198E+11,13043387,3357,D,32268,33535,,120.6243596,118.0794362,123.1974303,119.5372946
Gold.Coin.9712,20180729,3789788,3789788,3789788,3789788,833753360,220,4,D,3609322,3789788,,,Lotus.Gold.Com.ETF,20180729,32002,34899,31000,32268,3.05234E+11,9459245,3987,D,28467,31500,,118.4234735,108.5930256,122.2512258,117.4472542
Gold.Coin.9712,20180728,3580000,3651675,3501000,3609322,39088961570,10830,419,D,3477786,3651675,,,Lotus.Gold.Com.ETF,20180728,27901,28970,27892,28467,4.84124E+11,17006224,2348,D,27325,28781,,128.3108132,126.0502244,125.5198623,126.7896863
Gold.Coin.9712,20180725,3545000,3545000,3410004,3477786,53523127210,15390,589,D,3461959,3415000,,,Lotus.Gold.Com.ETF,20180725,27790,27790,26795,27325,3.26615E+11,11952919,1864,D,27570,26800,,127.5638719,127.5638719,127.2626983,127.2748765
Gold.Coin.9712,20180724,3468000,3531803,3372000,3461959,1.00847E+11,29130,615,D,3363622,3531803,,,Lotus.Gold.Com.ETF,20180724,28000,28098,26750,27570,1.5705E+11,5696433,1847,D,27321,27801,,123.8571429,125.6958858,126.0560748,125.569786
Gold.Coin.9712,20180723,3364801,3364801,3325101,3363622,85335081190,25370,267,D,3204573,3364801,,,Lotus.Gold.Com.ETF,20180723,26555,28497,26555,27321,1.4694E+11,5378287,2044,D,25613,28100,,126.7106383,118.075622,125.2156279,123.1148933
Gold.Coin.9712,20180722,3204573,3204573,3204573,3204573,28328425320,8840,173,D,3051975,3204573,,,Lotus.Gold.Com.ETF,20180722,25402,26000,25400,25613,76992448838,3005976,1105,D,24595,25800,,126.1543579,123.2528077,126.1642913,125.1150978
Gold.Coin.9712,20180721,3051975,3051975,3051975,3051975,5859792000,1920,43,D,2906643,3051975,,,Lotus.Gold.Com.ETF,20180721,24300,24878,24300,24595,2.90303E+11,11803124,1577,D,23177,24701,,125.595679,122.677667,125.595679,124.0892458
Gold.Coin.9712,20180718,2897996,2932998,2871114,2906643,22962476770,7900,337,D,2846092,2898501,,,Lotus.Gold.Com.ETF,20180718,23000,23320,23000,23177,1.97057E+11,8502261,671,D,22866,23100,,125.9998261,125.7717839,124.8310435,125.4106657
Gold.Coin.9712,20180717,2839000,2885000,2800000,2846092,14344302550,5040,268,D,2808608,2850000,,,Lotus.Gold.Com.ETF,20180717,22820,23007,22670,22866,1.39151E+11,6085538,598,D,22647,22850,,124.4084137,125.3966184,123.5112483,124.4682935
Gold.Coin.9712,20180716,2830000,2834788,2783500,2808608,15026051200,5350,290,D,2916715,2809999,,,Lotus.Gold.Com.ETF,20180716,23396,23396,22500,22647,1.26447E+11,5583468,694,D,23499,22602,,120.960848,121.1654984,123.7111111,124.0167793
Gold.Coin.9712,20180715,2900000,2916861,2900000,2916715,57021789860,19550,233,D,2777963,2916861,,,Lotus.Gold.Com.ETF,20180715,23353,23645,23151,23499,1.95E+11,8298127,987,D,22319,23500,,124.1810474,123.3605836,125.2645674,124.1208137
Gold.Coin.9712,20180714,2725000,2814999,2725000,2777963,24168276950,8700,356,D,2689854,2814999,,,Lotus.Gold.Com.ETF,20180714,21800,22650,21800,22319,2.5287E+11,11329750,868,D,21722,22631,,125,124.2825166,125,124.4662843
Gold.Coin.9712,20180711,2749999,2749999,2678860,2689854,30045668510,11170,342,D,2819852,2680000,,,Lotus.Gold.Com.ETF,20180711,22122,22122,21201,21722,61556851858,2833895,412,D,22507,21750,,124.3105958,124.3105958,126.3553606,123.8308627
Gold.Coin.9712,20180710,2849985,2849985,2808044,2819852,16693522400,5920,246,D,2889130,2816901,,,Lotus.Gold.Com.ETF,20180710,22450,22650,22371,22507,1.03883E+11,4615579,621,D,22974,22400,,126.9481069,125.8271523,125.5216128,125.2877771
Gold.Coin.9712,20180708,2895999,2910000,2871001,2889130,15976889490,5530,240,D,2855016,2890006,,,Lotus.Gold.Com.ETF,20180708,22900,23100,22871,22974,1.10767E+11,4821443,507,D,22868,23000,,126.4628384,125.974026,125.5301911,125.7565074
Gold.Coin.9712,20180707,2899499,2899499,2840000,2855016,40055880030,14030,444,D,2915550,2867000,,,Lotus.Gold.Com.ETF,20180707,23100,23200,22800,22868,54482478700,2382501,608,D,23308,22870,,125.5194372,124.9784052,124.5614035,124.8476474
Gold.Coin.9712,20180704,2968999,2968999,2892000,2915550,20787869950,7130,208,D,2984269,2928000,,,Lotus.Gold.Com.ETF,20180704,23400,23470,23110,23308,44131939767,1893465,580,D,23653,23204,,126.8802991,126.5018747,125.1406318,125.0879526
Gold.Coin.9712,20180703,2980000,2999999,2969999,2984269,44376082770,14870,414,D,3000627,2993000,,,Lotus.Gold.Com.ETF,20180703,23359,23847,23359,23653,90905854244,3843354,566,D,23812,23611,,127.5739544,125.8019457,127.145811,126.1687312
Gold.Coin.9712,20180702,2987016,3019800,2976002,3000627,43479080490,14490,423,D,2931664,3010000,,,Lotus.Gold.Com.ETF,20180702,23477,23905,23477,23812,1.95372E+11,8204630,1086,D,23454,23834,,127.2315884,126.3250366,126.7624484,126.0132286
Gold.Coin.9712,20180701,2920000,2960000,2919000,2931664,37613248650,12830,349,D,2922602,2935000,,,Lotus.Gold.Com.ETF,20180701,23351,23670,23351,23454,1.68577E+11,7187428,871,D,23216,23387,,125.0481778,125.0528095,125.0053531,124.9963332
Gold.Coin.9712,20180630,2952101,2967999,2851000,2922602,43517547600,14890,485,D,2871416,2885601,,,Lotus.Gold.Com.ETF,20180630,23499,23939,22800,23216,2.6375E+11,11360891,1345,D,23487,23051,,125.626665,123.9817453,125.0438596,125.8874052
Gold.Coin.9712,20180627,2960000,2960000,2850002,2871416,34284709820,11940,270,D,2981542,2857000,,,Lotus.Gold.Com.ETF,20180627,23990,23990,23233,23487,50532611434,2151542,777,D,23911,23235,,123.3847436,123.3847436,122.6704257,122.2555456
Gold.Coin.9712,20180626,3050000,3050000,2930000,2981542,45945560020,15410,457,D,2963794,2973980,,,Lotus.Gold.Com.ETF,20180626,24090,24120,23400,23911,3.6116E+11,15104397,1622,D,23397,23860,,126.6085513,126.4510779,125.2136752,124.6933211
Gold.Coin.9712,20180625,2850000,3094990,2850000,2963794,47331792190,15970,449,D,2828149,3050000,,,Lotus.Gold.Com.ETF,20180625,22802,24088,22300,23397,3.74479E+11,16005689,1812,D,22560,23901,,124.989036,128.4867984,127.8026906,126.6741035
Gold.Coin.9712,20180624,2910000,2950000,2777999,2828149,84844463320,30000,664,D,2766778,2930000,,,Lotus.Gold.Com.ETF,20180624,22056,22950,22050,22560,2.76999E+11,12278404,1614,D,21752,22820,,131.9368879,128.540305,125.9863492,125.3612145
Gold.Coin.9712,20180623,2660000,2789462,2660000,2766778,42470043850,15350,491,D,2535875,2765000,,,Lotus.Gold.Com.ETF,20180623,21199,22102,20444,21752,1.4979E+11,6886211,1460,D,20503,21498,,125.4776169,126.2085784,130.1115242,127.1964877
Gold.Coin.9712,20180620,2540000,2548000,2527100,2535875,42577351170,16790,272,D,2516885,2543000,,,Lotus.Gold.Com.ETF,20180620,20505,20639,20450,20503,1.59366E+11,7772607,670,D,20348,20453,,123.8722263,123.4555938,123.5745721,123.6831195
Gold.Coin.9712,20180619,2541999,2541999,2506000,2516885,51143114260,20320,286,D,2518706,2530000,,,Lotus.Gold.Com.ETF,20180619,20397,20450,20200,20348,2.20959E+11,10859211,729,D,20329,20381,,124.6261215,124.3031296,124.0594059,123.692009
Gold.Coin.9712,20180618,2530000,2548000,2485000,2518706,33851408480,13440,442,D,2346478,2496000,,,Lotus.Gold.Com.ETF,20180618,19910,20550,19910,20329,1.91104E+11,9400522,953,D,19309,20250,,127.0718232,123.9902676,124.8116524,123.8971912
Gold.Coin.9712,20180617,2329725,2400000,2329724,2346478,61149216900,26060,410,D,2588582,2393000,,,Lotus.Gold.Com.ETF,20180617,19151,19600,19000,19309,2.07088E+11,10725049,1115,D,20855,19600,,121.6503055,122.4489796,122.6170526,121.5225025
Gold.Coin.9712,20180613,2573000,2640000,2510001,2588582,59071440440,22820,691,D,2537705,2515000,,,Lotus.Gold.Com.ETF,20180613,20800,21130,20300,20855,3.36901E+11,16154673,1623,D,20309,20400,,123.7019231,124.9408424,123.6453695,124.1228482
Gold.Coin.9712,20180612,2487000,2598999,2487000,2537705,37050494550,14600,535,D,2446863,2554000,,,Lotus.Gold.Com.ETF,20180612,20000,20695,19610,20309,3.15028E+11,15511598,1467,D,19552,20302,,124.35,125.585842,126.8230495,124.9546999
Gold.Coin.9712,20180611,2480000,2482000,2373104,2446863,79058153510,32310,638,D,2372154,2482000,,,Lotus.Gold.Com.ETF,20180611,19500,19990,19000,19552,2.88176E+11,14738808,2210,D,19024,19400,,127.1794872,124.162081,124.9002105,125.14643
Gold.Coin.9712,20180610,2307497,2429998,2307497,2372154,63431405900,26740,751,D,2257070,2410000,,,Lotus.Gold.Com.ETF,20180610,18787,19384,18730,19024,2.76467E+11,14532864,1844,D,18333,19350,,122.8241337,125.3610194,123.1979178,124.692704
Gold.Coin.9712,20180609,2200000,2288969,2200000,2257070,50829218340,22520,505,D,2154249,2271000,,,Lotus.Gold.Com.ETF,20180609,18200,18888,17900,18333,4.57213E+11,24939741,1862,D,17707,18600,,120.8791209,121.1864147,122.9050279,123.1151475
Gold.Coin.9712,20180603,2148998,2164000,2140000,2154249,32313738090,15000,210,D,2138216,2160000,,,Lotus.Gold.Com.ETF,20180603,17600,17825,17570,17707,1.73482E+11,9797552,832,D,17542,17780,,122.1021591,121.4025245,121.7985202,121.6608686
Gold.Coin.9712,20180602,2144000,2150000,2121000,2138216,31089669370,14540,340,D,2153922,2144000,,,Lotus.Gold.Com.ETF,20180602,17640,17650,17251,17542,1.6331E+11,9309428,810,D,17704,17500,,121.5419501,121.8130312,122.9493942,121.8912325
Gold.Coin.9712,20180530,2145000,2184000,2130000,2153922,45016969200,20900,532,D,2112726,2140000,,,Lotus.Gold.Com.ETF,20180530,17624,17910,17500,17704,3.33905E+11,18860763,1876,D,17343,17500,,121.7090331,121.9430486,121.7142857,121.663014
Gold.Coin.9712,20180529,2070010,2133000,2070010,2112726,74114444660,35080,430,D,2054779,2120600,,,Lotus.Gold.Com.ETF,20180529,17105,17591,17030,17343,3.24874E+11,18732662,1561,D,16947,17499,,121.017831,121.2551873,121.5507927,121.8201003
Gold.Coin.9712,20180528,2045000,2075000,2041005,2054779,22890240390,11140,269,D,2039985,2066000,,,Lotus.Gold.Com.ETF,20180528,16870,17097,16860,16947,1.93505E+11,11418597,855,D,16826,17051,,121.2211025,121.3663216,121.0560498,121.2473594
Gold.Coin.9712,20180527,2033000,2047000,2030000,2039985,13831101180,6780,157,D,2031261,2042000,,,Lotus.Gold.Com.ETF,20180527,16839,16902,16711,16826,90980661182,5407093,494,D,16791,16861,,120.7316349,121.1099278,121.4768715,121.2400452
Gold.Coin.9712,20180526,2049998,2049998,2020001,2031261,55047173360,27100,198,D,2019605,2025900,,,Lotus.Gold.Com.ETF,20180526,16753,16890,16734,16791,72952472281,4344701,575,D,16684,16742,,122.366024,121.3734754,120.712382,120.9731999
Gold.Coin.9712,20180523,2000210,2039500,2000210,2019605,13046650180,6460,186,D,2011477,2024000,,,Lotus.Gold.Com.ETF,20180523,16602,16764,16600,16684,94652280584,5673276,462,D,16683,16718,,120.4800626,121.6595085,120.4945783,121.0504076
Gold.Coin.9712,20180522,1969000,2045000,1965000,2011477,34738213530,17270,298,D,1988039,2022000,,,Lotus.Gold.Com.ETF,20180522,16660,16840,16550,16683,1.71746E+11,10294478,940,D,16482,16680,,118.1872749,121.4370546,118.7311178,120.5704609
Gold.Coin.9712,20180521,1965000,2032000,1961000,1988039,14711487390,7400,225,D,1946538,2030000,,,Lotus.Gold.Com.ETF,20180521,16263,16722,16256,16482,1.85327E+11,11244181,876,D,16203,16652,,120.8264158,121.516565,120.6323819,120.6187963
Gold.Coin.9712,20180520,1942000,1957000,1934000,1946538,23514178610,12080,173,D,1978763,1957000,,,Lotus.Gold.Com.ETF,20180520,16280,16280,16112,16203,89203776435,5505537,457,D,16379,16240,,119.2874693,120.2088452,120.0347567,120.1344196
Gold.Coin.9712,20180519,1980002,1996990,1967000,1978763,11753853920,5940,164,D,1965000,1967000,,,Lotus.Gold.Com.ETF,20180519,16402,16502,16240,16379,92959391123,5675469,596,D,16320,16374,,120.7171077,121.0150285,121.1206897,120.8109775
Gold.Coin.9712,20180516,1927999,1990000,1925000,1965000,19257000340,9800,184,D,1923337,1955500,,,Lotus.Gold.Com.ETF,20180516,16239,16485,16123,16320,58280908125,3571223,532,D,16163,16393,,118.726461,120.7158022,119.3946536,120.4044118
Gold.Coin.9712,20180515,1932000,1960000,1896500,1923337,9462816970,4920,210,D,1934373,1935000,,,Lotus.Gold.Com.ETF,20180515,16240,16310,15927,16163,48794106229,3018814,464,D,16307,16260,,118.9655172,120.1716738,119.0745275,118.9962878
Gold.Coin.9712,20180514,1998000,2000000,1900001,1934373,28029067630,14490,386,D,2033368,1950000,,,Lotus.Gold.Com.ETF,20180514,16450,16470,16070,16307,85011009610,5213189,717,D,16880,16250,,121.4589666,121.4329083,118.232794,118.6222481
Gold.Coin.9712,20180513,2060002,2095000,1995000,2033368,14985922490,7370,304,D,2096816,1998600,,,Lotus.Gold.Com.ETF,20180513,16899,17155,16350,16880,1.58965E+11,9417587,1091,D,17048,16450,,121.9008225,122.1218304,122.0183486,120.4601896
Gold.Coin.9712,20180512,2102000,2147000,2025200,2096816,20213302550,9640,343,D,2112964,2055000,,,Lotus.Gold.Com.ETF,20180512,17300,17400,16501,17048,2.11609E+11,12412250,1475,D,17369,16701,,121.5028902,123.3908046,122.7319556,122.9948381
Gold.Coin.9712,20180509,2138046,2138046,2000020,2112964,24108915050,11410,295,D,1943679,2070000,,,Lotus.Gold.Com.ETF,20180509,17000,17800,16651,17369,1.91787E+11,11041690,1923,D,16076,16900,,125.7674118,120.1149438,120.1141073,121.651448
Gold.Coin.9712,20180508,1918300,2030000,1852000,1943679,15044079440,7740,355,D,1970121,1954895,,,Lotus.Gold.Com.ETF,20180508,15899,16550,15605,16076,77372969571,4812883,1100,D,16435,16011,,120.6553871,122.6586103,118.6799103,120.9056357
Gold.Coin.9712,20180507,1970001,2018000,1903870,1970121,13318018590,6760,210,D,2115411,1918700,,,Lotus.Gold.Com.ETF,20180507,16600,16702,15869,16435,1.34437E+11,8179827,949,D,17142,16000,,118.674759,120.8238534,119.9741635,119.8735017
Gold.Coin.9712,20180506,2100000,2188000,1945500,2115411,24031075580,11360,353,D,1989845,2000000,,,Lotus.Gold.Com.ETF,20180506,17251,17850,16200,17142,2.78991E+11,16274817,2033,D,16370,16380,,121.7320735,122.5770308,120.0925926,123.4051453
Gold.Coin.9712,20180505,1930000,2063097,1930000,1989845,53128853850,26700,309,D,1875543,2062000,,,Lotus.Gold.Com.ETF,20180505,16001,17000,15650,16370,2.80503E+11,17135411,1463,D,15571,17000,,120.6174614,121.3586471,123.3226837,121.5543677
Gold.Coin.9712,20180501,1860000,1899000,1845000,1875543,6489380000,3460,112,D,1846948,1876000,,,Lotus.Gold.Com.ETF,20180501,15500,15820,15405,15571,86859683418,5578243,524,D,15357,15700,,120,120.0379267,119.7663096,120.4510308
Gold.Coin.9712,20180430,1844000,1860500,1830000,1846948,4561960930,2470,75,D,1804733,1855000,,,Lotus.Gold.Com.ETF,20180430,15229,15480,15222,15357,1.20165E+11,7824567,642,D,15032,15450,,121.0847725,120.1873385,120.2207331,120.2675002
Gold.Coin.9712,20180429,1781000,1821000,1781000,1804733,3104141020,1720,72,D,1773231,1821000,,,Lotus.Gold.Com.ETF,20180429,14990,15211,14907,15032,69505945010,4623785,432,D,14798,15160,,118.8125417,119.715995,119.4740726,120.0594066
Gold.Coin.9712,20180428,1768000,1793000,1768000,1773231,3475531950,1960,52,D,1751921,1780000,,,Lotus.Gold.Com.ETF,20180428,14700,14992,14650,14798,73480905599,4965437,367,D,14794,14900,,120.2721088,119.5971185,120.6825939,119.8290985
Gold.Coin.9712,20180425,1779998,1780000,1740000,1751921,7358066680,4200,82,D,1778797,1745000,,,Lotus.Gold.Com.ETF,20180425,14940,14940,14600,14794,35305396074,2386441,231,D,14885,14750,,119.1431058,119.1432396,119.1780822,118.4210491
Gold.Coin.9712,20180424,1780000,1788000,1770000,1778797,3361926600,1890,64,D,1805929,1770000,,,Lotus.Gold.Com.ETF,20180424,15097,15097,14826,14885,17022237126,1143588,152,D,15034,14826,,117.9042194,118.434126,119.3848644,119.5026537
Gold.Coin.9712,20180423,1810000,1835000,1772002,1805929,12352555630,6840,78,D,1829007,1794000,,,Lotus.Gold.Com.ETF,20180423,15210,15210,14840,15034,44007085776,2927172,328,D,15197,15010,,119.0006575,120.644313,119.4071429,120.1229879
Gold.Coin.9712,20180422,1810002,1845000,1810000,1829007,2469160140,1350,52,D,1807674,1829500,,,Lotus.Gold.Com.ETF,20180422,15140,15250,15061,15197,46335989249,3049014,347,D,15037,15200,,119.5509908,120.9836066,120.177943,120.3531618
Gold.Coin.9712,20180421,1811000,1829000,1790000,1807674,2295746030,1270,40,D,1811225,1816000,,,Lotus.Gold.Com.ETF,20180421,15055,15143,14901,15037,71794394261,4774566,463,D,15098,15140,,120.2922617,120.7818794,120.126166,120.2150695
Gold.Coin.9712,20180418,1805000,1830000,1795000,1811225,2626277010,1450,56,D,1845838,1803000,,,Lotus.Gold.Com.ETF,20180418,15170,15223,15000,15098,70952054657,4699453,654,D,15415,15030,,118.9848385,120.2128358,119.6666667,119.9645648
Gold.Coin.9712,20180417,1865000,1873950,1815000,1845838,3451717560,1870,102,D,1793875,1815000,,,Lotus.Gold.Com.ETF,20180417,15260,15716,15180,15415,1.98909E+11,12904000,1115,D,14982,15190,,122.214941,119.2383558,119.5652174,119.7429776
Gold.Coin.9712,20180416,1777000,1825000,1750000,1793875,6547643440,3650,106,D,1752196,1820000,,,Lotus.Gold.Com.ETF,20180416,14740,15229,14733,14982,90839394115,6063337,550,D,14660,15100,,120.5563094,119.8371528,118.7809679,119.7353491
Gold.Coin.9712,20180415,1790000,1790000,1700000,1752196,7464355140,4260,152,D,1690842,1760000,,,Lotus.Gold.Com.ETF,20180415,14500,14950,14434,14660,60824523661,4149084,419,D,14353,14741,,123.4482759,119.7324415,117.7774699,119.5222374
Gold.Coin.9712,20180411,1682000,1780000,1630000,1690842,6273022200,3710,152,D,1787447,1722000,,,Lotus.Gold.Com.ETF,20180411,13950,14900,13900,14353,18432515241,1284261,363,D,14816,14436,,120.5734767,119.4630872,117.2661871,117.8040828
Gold.Coin.9712,20180410,1820000,1850000,1735020,1787447,6828046030,3820,152,D,1915429,1785000,,,Lotus.Gold.Com.ETF,20180410,14900,15290,14500,14816,1.29223E+11,8721754,890,D,15756,14710,,122.147651,120.9941138,119.6565517,120.6430211
Gold.Coin.9712,20180409,1905000,1953000,1895000,1915429,70468621180,36790,151,D,1811456,1915000,,,Lotus.Gold.Com.ETF,20180409,15500,16000,15400,15756,1.04767E+11,6649392,955,D,14879,15500,,122.9032258,122.0625,123.0519481,121.568228
Gold.Coin.9712,20180408,1775000,1865000,1775000,1811456,18929714960,10450,146,D,1760395,1865000,,,Lotus.Gold.Com.ETF,20180408,14690,15540,14590,14879,88580484464,5953223,659,D,14410,15390,,120.8304969,120.01287,121.6586703,121.7458163
Gold.Coin.9712,20180407,1755000,1785000,1712000,1760395,32972205940,18730,111,D,1724988,1771000,,,Lotus.Gold.Com.ETF,20180407,14300,14960,14258,14410,39287781930,2726515,299,D,14151,14708,,122.7272727,119.3181818,120.0729415,122.1648161
Gold.Coin.9712,20180404,1725000,1733900,1705500,1724988,5813209140,3370,33,D,1710794,1731100,,,Lotus.Gold.Com.ETF,20180404,14100,14300,14070,14151,15396848575,1088059,133,D,14017,14251,,122.3404255,121.2517483,121.2153518,121.8986644
Gold.Coin.9712,20180403,1681000,1725000,1681000,1710794,2429327130,1420,34,D,1686512,1707500,,,Lotus.Gold.Com.ETF,20180403,13950,14146,13873,14017,12821008764,914680,122,D,13778,14096,,120.5017921,121.9425986,121.1706192,122.0513662
Gold.Coin.9712,20180328,1690000,1700000,1671100,1686512,12345271070,7320,28,D,1692580,1695000,,,Lotus.Gold.Com.ETF,20180328,13970,13980,13690,13778,16132984471,1170956,131,D,13927,13970,,120.9735147,121.602289,122.0672023,122.4061547
Gold.Coin.9712,20180327,1700000,1710000,1650007,1692580,2284983160,1350,27,D,1665338,1699000,,,Lotus.Gold.Com.ETF,20180327,13885,14065,13787,13927,21754733831,1562097,190,D,13431,13990,,122.4342816,121.5783861,119.6784652,121.5322754
Gold.Coin.9712,20180326,1630000,1685000,1630000,1665338,6944457850,4170,32,D,1616155,1685000,,,Lotus.Gold.Com.ETF,20180326,13291,13882,13150,13431,19768891629,1471882,133,D,13244,13881,,122.63938,121.3802046,123.9543726,123.9921078
Gold.Coin.9712,20180325,1621000,1630000,1612000,1616155,10521170040,6510,31,D,1602436,1617000,,,Lotus.Gold.Com.ETF,20180325,13222,13305,13203,13244,29346475169,2215879,136,D,13169,13278,,122.5986991,122.5103345,122.0934636,122.0292208
Gold.Coin.9712,20180319,1620000,1620000,1595000,1602436,352536000,220,8,D,1614100,1619500,,,Lotus.Gold.Com.ETF,20180319,13203,13500,13051,13169,3989814205,302960,47,D,13125,13200,,122.6993865,120,122.2128573,121.682436
Gold.Coin.9712,20180318,1619900,1619999,1600000,1614100,129127990,80,8,D,1620518,1619999,,,Lotus.Gold.Com.ETF,20180318,13053,13191,13050,13125,9794787720,746297,58,D,13198,13168,,124.1017391,122.8109317,122.605364,122.9790476
Gold.Coin.9712,20180317,1640000,1640000,1600000,1620518,1474671850,910,19,D,1629394,1600000,,,Lotus.Gold.Com.ETF,20180317,13373,13379,13041,13198,13195370820,999828,68,D,13227,13041,,122.6351604,122.5801629,122.6899778,122.785119
Gold.Coin.9712,20180314,1620000,1645000,1619000,1629394,2867734000,1760,31,D,1596599,1645000,,,Lotus.Gold.Com.ETF,20180314,13149,13860,13146,13227,8080886817,610957,57,D,13108,13384,,123.2032854,118.6868687,123.1553324,123.1869661
Gold.Coin.9712,20180313,1595000,1614000,1595000,1596599,5204913350,3260,13,D,1592595,1614000,,,Lotus.Gold.Com.ETF,20180313,13080,13151,13021,13108,8780371318,669827,76,D,13010,13147,,121.941896,122.7283096,122.4944321,121.8034025
Gold.Coin.9712,20180312,1595000,1605000,1590000,1592595,1337780000,840,19,D,1591750,1590600,,,Lotus.Gold.Com.ETF,20180312,13020,13078,12967,13010,1361994981,104688,27,D,12999,13078,,122.5038402,122.7251873,122.6189558,122.4131437
Gold.Coin.9712,20180311,1587000,1597000,1587000,1591750,63670000,40,4,D,1593708,1597000,,,Lotus.Gold.Com.ETF,20180311,13063,13063,12958,12999,7100569164,546230,55,D,13041,13026,,121.4881727,122.2536936,122.4726038,122.4517271
Gold.Coin.9712,20180310,1602000,1602000,1580000,1593708,191245000,120,8,D,1592709,1580000,,,Lotus.Gold.Com.ETF,20180310,13045,13100,13000,13041,7195812643,551783,56,D,13020,13067,,122.8056727,122.2900763,121.5384615,122.2074994
Gold.Coin.9712,20180307,1570000,1600000,1570000,1592709,1258240000,790,8,D,1607329,1598000,,,Lotus.Gold.Com.ETF,20180307,13001,13051,13000,13020,2385600605,183231,33,D,13037,13051,,120.7599415,122.5959697,120.7692308,122.3278802
Gold.Coin.9712,20180306,1605000,1608000,1595000,1607329,13517640000,8410,12,D,1607813,1595000,,,Lotus.Gold.Com.ETF,20180306,13017,13084,13010,13037,3440542150,263901,28,D,13016,13010,,123.3002996,122.8981963,122.5980015,123.2897906
Gold.Coin.9712,20180305,1595000,1608000,1590000,1607813,24696005000,15360,14,D,1593627,1595000,,,Lotus.Gold.Com.ETF,20180305,13011,13053,12960,13016,8764562824,673390,59,D,12919,13015,,122.5885789,123.1900712,122.6851852,123.5258912
Gold.Coin.9712,20180304,1575000,1595000,1575000,1593627,18103605000,11360,20,D,1563973,1580000,,,Lotus.Gold.Com.ETF,20180304,12756,13015,12755,12919,6686275038,517545,61,D,12744,13015,,123.4713076,122.5509028,123.4809878,123.3552907
Gold.Coin.9712,20180303,1570000,1570000,1560000,1563973,1141700000,730,8,D,1545753,1566000,,,Lotus.Gold.Com.ETF,20180303,12639,12824,12625,12744,13439650636,1054595,48,D,12572,12755,,124.2186882,122.4266999,123.5643564,122.7223007
Gold.Coin.9712,20180228,1539000,1550000,1539000,1545753,2303171500,1490,21,D,1539506,1550000,,,Lotus.Gold.Com.ETF,20180228,12595,12627,12501,12572,1320118019,105004,26,D,12523,12627,,122.1913458,122.7528312,123.1101512,122.9520363
Gold.Coin.9712,20180227,1539650,1539650,1539500,1539506,1601086000,1040,4,D,1538525,1539650,,,Lotus.Gold.Com.ETF,20180227,12600,12615,12500,12523,4213876866,336481,58,D,12490,12598,,122.1944444,122.0491478,123.16,122.9342809
Gold.Coin.9712,20180226,1535000,1540999,1530000,1538525,5846396610,3800,12,D,1515879,1540999,,,Lotus.Gold.Com.ETF,20180226,12518,12681,12480,12490,25509259052,2042342,82,D,12446,12610,,122.6234223,121.520306,122.5961538,123.1805444
Gold.Coin.9712,20180225,1522000,1530000,1500020,1515879,439604980,290,15,D,1514653,1528900,,,Lotus.Gold.Com.ETF,20180225,12464,12525,12303,12446,8365407751,672116,37,D,12314,12525,,122.1116816,122.1556886,121.9231082,121.7964808
Gold.Coin.9712,20180224,1495000,1516999,1490000,1514653,2711229850,1790,13,D,1493911,1516999,,,Lotus.Gold.Com.ETF,20180224,12357,12426,12255,12314,1710832021,138933,33,D,12425,12349,,120.9840576,122.0826493,121.5830273,123.0025175
Gold.Coin.9712,20180221,1519000,1519000,1485002,1493911,3749717600,2510,9,D,1504363,1485002,,,Lotus.Gold.Com.ETF,20180221,12527,12527,12352,12425,3819041869,307377,35,D,12555,12353,,121.2580825,121.2580825,120.2236075,120.2342857
Gold.Coin.9712,20180219,1530000,1540000,1503000,1504363,3414905020,2270,17,D,1528664,1532500,,,Lotus.Gold.Com.ETF,20180219,12625,12625,12501,12555,202213807,16106,23,D,12651,12522,,121.1881188,121.980198,120.2303816,119.821824
Gold.Coin.9712,20180218,1520000,1549000,1508000,1528664,1819110000,1190,11,D,1561408,1529800,,,Lotus.Gold.Com.ETF,20180218,12750,12753,12600,12651,4988494705,394301,40,D,12808,12630,,119.2156863,121.4616169,119.6825397,120.8334519
Gold.Coin.9712,20180217,1575000,1575000,1524000,1561408,3138430400,2010,27,D,1591587,1525000,,,Lotus.Gold.Com.ETF,20180217,12853,12865,12637,12808,8407057960,656410,64,D,13119,12807,,122.5394849,122.4251846,120.5982433,121.908807
Gold.Coin.9712,20180214,1610000,1610000,1586500,1591587,3931220070,2470,17,D,1596385,1587500,,,Lotus.Gold.Com.ETF,20180214,13095,13203,13022,13119,4145400312,315981,89,D,13027,13025,,122.94769,121.9419829,121.8322838,121.3192316
Gold.Coin.9712,20180213,1595000,1605000,1590000,1596385,3943069990,2470,26,D,1568061,1605000,,,Lotus.Gold.Com.ETF,20180213,12760,13510,12760,13027,5749733154,441362,84,D,12801,13090,,125,118.8008882,124.6081505,122.544331
Gold.Coin.9712,20180212,1555000,1574000,1555000,1568061,7730539990,4930,41,D,1545513,1562000,,,Lotus.Gold.Com.ETF,20180212,12670,12889,12670,12801,1424916954,111315,47,D,12576,12854,,122.7308603,122.1196369,122.7308603,122.4951957
Gold.Coin.9712,20180210,1536000,1550000,1535900,1545513,5022918570,3250,10,D,1533623,1550000,,,Lotus.Gold.Com.ETF,20180210,12537,12673,12534,12576,2156745008,171491,31,D,12564,12673,,122.5173486,122.3072674,122.5386948,122.8938454
Gold.Coin.9712,20180207,1532000,1540000,1532000,1533623,4524187000,2950,13,D,1534570,1540000,,,Lotus.Gold.Com.ETF,20180207,12564,12569,12558,12564,661758599,52671,25,D,12524,12558,,121.9356893,122.5236693,121.9939481,122.0648679
Gold.Coin.9712,20180206,1529000,1535000,1527000,1534570,3498820000,2280,12,D,1526822,1535000,,,Lotus.Gold.Com.ETF,20180206,12495,12565,12495,12524,1991333316,159003,40,D,12493,12530,,122.3689476,122.1647433,122.2088836,122.5303417
Gold.Coin.9712,20180205,1520001,1531000,1515000,1526822,5084316430,3330,26,D,1528002,1530000,,,Lotus.Gold.Com.ETF,20180205,12499,12539,12436,12493,6484293635,519014,65,D,12458,12502,,121.6098088,122.099051,121.8237375,122.2142
Gold.Coin.9712,20180204,1515000,1532000,1515000,1528002,3590804640,2350,40,D,1506900,1532000,,,Lotus.Gold.Com.ETF,20180204,12416,12505,12412,12458,5358762775,430147,48,D,12365,12505,,122.0199742,122.5109956,122.0592975,122.6522716
Gold.Coin.9712,20180203,1504800,1520000,1501466,1506900,286310980,190,15,D,1495577,1505000,,,Lotus.Gold.Com.ETF,20180203,12292,12448,12292,12365,5505053979,445207,44,D,12277,12300,,122.4210869,122.1079692,122.1498536,121.8681763
Gold.Coin.9712,20180131,1499000,1499000,1490066,1495577,523451980,350,4,D,1485078,1496000,,,Lotus.Gold.Com.ETF,20180131,12267,12307,12248,12277,3834063383,312295,52,D,12239,12285,,122.1977664,121.8006013,121.6579033,121.8194184
Gold.Coin.9712,20180130,1490000,1493000,1485000,1485078,3029560000,2040,5,D,1495187,1493000,,,Lotus.Gold.Com.ETF,20180130,12253,12253,12214,12239,1354135687,110637,25,D,12261,12231,,121.6028728,121.8477108,121.5817914,121.3398153
Gold.Coin.9712,20180129,1500000,1500000,1492000,1495187,119615000,80,7,D,1487418,1492000,,,Lotus.Gold.Com.ETF,20180129,12229,12310,12228,12261,4838070520,394578,43,D,12200,12230,,122.6592526,121.8521527,122.0150474,121.9465786
Gold.Coin.9712,20180128,1488000,1491000,1485000,1487418,163616000,110,7,D,1487036,1488000,,,Lotus.Gold.Com.ETF,20180128,12219,12247,12184,12200,5002094641,409991,40,D,12248,12247,,121.7775595,121.7441006,121.8811556,121.9195082
Gold.Coin.9712,20180127,1498000,1502000,1470000,1487036,1130147220,760,36,D,1531194,1483000,,,Lotus.Gold.Com.ETF,20180127,12580,12580,12192,12248,4995894123,407904,63,D,12556,12197,,119.0779014,119.3958665,120.5708661,121.410516
Gold.Coin.9712,20180124,1530000,1536000,1525555,1531194,244991100,160,11,D,1538742,1530000,,,Lotus.Gold.Com.ETF,20180124,12573,12617,12536,12556,2230300945,177627,43,D,12640,12569,,121.6893343,121.7405088,121.6939215,121.9491876
Gold.Coin.9712,20180123,1540000,1547000,1530000,1538742,692434000,450,17,D,1532786,1530000,,,Lotus.Gold.Com.ETF,20180123,12650,12682,12625,12640,4444651214,351620,46,D,12603,12629,,121.7391304,121.9839142,121.1881188,121.7359177
Gold.Coin.9712,20180122,1539000,1541000,1525000,1532786,1072950020,700,22,D,1530525,1530000,,,Lotus.Gold.Com.ETF,20180122,12564,12680,12300,12603,30165259583,2393444,135,D,12571,12643,,122.4928367,121.5299685,123.9837398,121.6207252
Gold.Coin.9712,20180121,1529000,1535000,1525001,1530525,1882546040,1230,28,D,1516943,1525001,,,Lotus.Gold.Com.ETF,20180121,12515,12615,12500,12571,9239959610,735037,85,D,12462,12557,,122.1733919,121.680539,122.00008,121.7504574
Gold.Coin.9712,20180120,1518000,1528000,1501000,1516943,667454990,440,27,D,1510590,1518000,,,Lotus.Gold.Com.ETF,20180120,12410,12513,12350,12462,1716814680,137760,35,D,12416,12513,,122.3207091,122.1130025,121.5384615,121.7254855
Gold.Coin.9712,20180117,1512000,1518000,1508999,1510590,664659560,440,23,D,1506933,1510000,,,Lotus.Gold.Com.ETF,20180117,12341,12453,12341,12416,1579605057,127227,35,D,12331,12453,,122.5184345,121.8983377,122.2752613,121.6647874
Gold.Coin.9712,20180116,1504000,1511000,1504000,1506933,226039990,150,9,D,1502917,1511000,,,Lotus.Gold.Com.ETF,20180116,12330,12340,12330,12331,1996880387,161941,25,D,12347,12340,,121.9789132,122.4473258,121.9789132,122.206877
Gold.Coin.9712,20180115,1500000,1503500,1500000,1502917,90175000,60,2,D,1510238,1503500,,,Lotus.Gold.Com.ETF,20180115,12400,12405,12305,12347,3415736720,276635,37,D,12375,12306,,120.9677419,121.2011286,121.901666,121.7232526
Gold.Coin.9712,20180114,1515000,1516000,1497000,1510238,317149980,210,15,D,1497113,1516000,,,Lotus.Gold.Com.ETF,20180114,12255,12461,12243,12375,5893426593,476246,54,D,12307,12458,,123.623011,121.6595779,122.2739525,122.0394343
Gold.Coin.9712,20180113,1498000,1505000,1490000,1497113,224567000,150,14,D,1496693,1490000,,,Lotus.Gold.Com.ETF,20180113,12350,12375,12287,12307,4924502581,400136,46,D,12249,12306,,121.2955466,121.6161616,121.2663791,121.6472739
Gold.Coin.9712,20180110,1485000,1508000,1484500,1496693,927949980,620,32,D,1480238,1505000,,,Lotus.Gold.Com.ETF,20180110,12204,12399,12200,12249,5835364217,476394,50,D,12188,12260,,121.6814159,121.6227115,121.6803279,122.188995
Gold.Coin.9712,20180109,1485000,1485000,1480000,1480238,310850000,210,3,D,1474476,1480000,,,Lotus.Gold.Com.ETF,20180109,12201,12204,12151,12188,1520337638,124743,31,D,12162,12169,,121.7113351,121.6814159,121.8006748,121.4504431
Gold.Coin.9712,20180108,1477000,1485000,1470005,1474476,545556210,370,18,D,1478333,1485000,,,Lotus.Gold.Com.ETF,20180108,12148,12204,12148,12162,1418787439,116658,29,D,12135,12204,,121.5837998,121.6814159,121.0079849,121.2363098
Gold.Coin.9712,20180107,1476000,1480000,1476000,1478333,133050000,90,8,D,1473694,1477000,,,Lotus.Gold.Com.ETF,20180107,12091,12199,12090,12135,3244929532,267412,24,D,12164,12090,,122.0742701,121.3214198,122.0843672,121.8238978
Gold.Coin.9712,20180106,1475000,1490000,1466000,1473694,530530010,360,18,D,1510363,1466000,,,Lotus.Gold.Com.ETF,20180106,12240,12240,12088,12164,6935521412,570153,77,D,12387,12100,,120.5065359,121.7320261,121.2772998,121.1520881
Gold.Coin.9712,20180103,1509500,1520000,1497000,1510363,1268705090,840,50,D,1498388,1520000,,,Lotus.Gold.Com.ETF,20180103,12355,12463,12317,12387,8582669168,692879,95,D,12268,12461,,122.1772562,121.9610046,121.5393359,121.9312989
Gold.Coin.9712,20180102,1506000,1506000,1485000,1498388,734210090,490,35,D,1469399,1502000,,,Lotus.Gold.Com.ETF,20180102,12288,12317,12200,12268,6455987500,526267,55,D,12018,12315,,122.5585938,122.2700333,121.7213115,122.1379198
Gold.Coin.9712,20180101,1460000,1499000,1445000,1469399,8860473600,6030,47,D,1459559,1485000,,,Lotus.Gold.Com.ETF,20180101,11989,12260,11901,12018,10410508715,866247,95,D,11898,12260,,121.7782968,122.2675367,121.4183682,122.2665169
Gold.Coin.9712,20171231,1460000,1460000,1442200,1459559,7662683540,5250,24,D,1426188,1452002,,,Lotus.Gold.Com.ETF,20171231,11864,11960,11851,11898,7113340431,597853,87,D,11775,11960,,123.0613621,122.0735786,121.6943718,122.6726341
Gold.Coin.9712,20171230,1430500,1430900,1423001,1426188,1169474190,820,11,D,1412593,1428000,,,Lotus.Gold.Com.ETF,20171230,11731,11820,11722,11775,3659897191,310820,44,D,11663,11751,,121.9418634,121.0575296,121.3957516,121.12
Gold.Coin.9712,20171227,1412000,1418000,1409000,1412593,381400000,270,4,D,1409600,1418000,,,Lotus.Gold.Com.ETF,20171227,11635,11750,11635,11663,2319691680,198891,17,D,11620,11700,,121.3579716,120.6808511,121.1001289,121.1174655
Gold.Coin.9712,20171226,1408500,1410900,1408500,1409600,56384000,40,4,D,1404387,1410900,,,Lotus.Gold.Com.ETF,20171226,11620,11630,11620,11620,122549492,10546,16,D,11633,11621,,121.2134251,121.3155632,121.2134251,121.3080895
Gold.Coin.9712,20171225,1408500,1410000,1400000,1404387,323009040,230,12,D,1408500,1400001,,,Lotus.Gold.Com.ETF,20171225,11640,11650,11620,11633,2432303136,209079,37,D,11628,11631,,121.0051546,121.0300429,120.4819277,120.7244047
Gold.Coin.9712,20171224,1408500,1408500,1408500,1408500,14085000,10,1,D,1404721,1408500,,,Lotus.Gold.Com.ETF,20171224,11620,11644,11610,11628,575532155,49497,14,D,11622,11635,,121.2134251,120.9635864,121.3178295,121.130031
Gold.Coin.9712,20171223,1402900,1406500,1402000,1404721,1123777000,800,12,D,1401409,1406000,,,Lotus.Gold.Com.ETF,20171223,11625,11649,11620,11622,966270469,83141,11,D,11612,11621,,120.6795699,120.7399777,120.6540448,120.8674066
Gold.Coin.9712,20171220,1403000,1403900,1398000,1401409,154155000,110,8,D,1407500,1402900,,,Lotus.Gold.Com.ETF,20171220,11621,11621,11610,11612,574196476,49448,26,D,11627,11610,,120.7297134,120.8071595,120.4134367,120.6862728
Gold.Coin.9712,20171219,1407000,1410000,1406001,1407500,84450020,60,6,D,1402378,1406001,,,Lotus.Gold.Com.ETF,20171219,11630,11650,11620,11627,1471296589,126539,25,D,11658,11640,,120.9802236,121.0300429,120.9983649,121.0544422
Gold.Coin.9712,20171218,1399500,1405800,1398000,1402378,1556640000,1110,11,D,1400433,1405000,,,Lotus.Gold.Com.ETF,20171218,11680,11700,11650,11658,1205141673,103373,32,D,11715,11650,,119.8202055,120.1538462,120,120.2931892
Gold.Coin.9712,20171217,1413900,1413900,1397000,1400433,308095180,220,11,D,1418329,1397000,,,Lotus.Gold.Com.ETF,20171217,11725,11730,11700,11715,342153541,29207,25,D,11741,11700,,120.5884861,120.5370844,119.4017094,119.5418694
Gold.Coin.9712,20171216,1425000,1425000,1414000,1418329,2623909000,1850,14,D,1419151,1424900,,,Lotus.Gold.Com.ETF,20171216,11770,11795,11725,11741,1415205336,120532,43,D,11759,11726,,121.0705183,120.8139042,120.5970149,120.8013798
Gold.Coin.9712,20171213,1415000,1427500,1415000,1419151,12488525000,8800,9,D,1422881,1427500,,,Lotus.Gold.Com.ETF,20171213,11759,11770,11736,11759,1142357240,97145,26,D,11717,11736,,120.3333617,121.2829227,120.5691888,120.6863679
Gold.Coin.9712,20171212,1410003,1429500,1410003,1422881,611839030,430,16,D,1423552,1424000,,,Lotus.Gold.Com.ETF,20171212,11722,11750,11704,11717,2042849263,174348,42,D,11750,11730,,120.2868964,121.6595745,120.47189,121.4373133
Gold.Coin.9712,20171211,1410000,1427000,1410000,1423552,412830000,290,13,D,1423374,1415000,,,Lotus.Gold.Com.ETF,20171211,11899,11899,11711,11750,2108551434,179452,51,D,11756,11750,,118.4973527,119.9260442,120.3996243,121.1533617
Gold.Coin.9712,20171210,1408001,1435000,1408001,1423374,797089310,560,13,D,1407335,1415000,,,Lotus.Gold.Com.ETF,20171210,11675,11860,11673,11756,3351245479,285073,39,D,11657,11850,,120.5996574,120.994941,120.6203204,121.0763865
Gold.Coin.9712,20171209,1413899,1413899,1401877,1407335,1308821520,930,12,D,1446385,1408000,,,Lotus.Gold.Com.ETF,20171209,11800,11800,11627,11657,1073847331,92120,46,D,11882,11655,,119.8219492,119.8219492,120.5708265,120.7287467
Gold.Coin.9712,20171205,1450000,1453900,1437000,1446385,1142644220,790,17,D,1406985,1437000,,,Lotus.Gold.Com.ETF,20171205,11700,12010,11674,11882,16549573676,1392803,145,D,11622,11931,,123.9316239,121.0574521,123.0940552,121.729086
Gold.Coin.9712,20171204,1400000,1414000,1400000,1406985,956750000,680,10,D,1398272,1412000,,,Lotus.Gold.Com.ETF,20171204,11612,11660,11604,11622,1651709679,142125,32,D,11608,11660,,120.5649328,121.2692967,120.6480524,121.0622096
Gold.Coin.9712,20171203,1400000,1404900,1394003,1398272,195758150,140,13,D,1393481,1404900,,,Lotus.Gold.Com.ETF,20171203,11588,11650,11557,11608,8972438037,772965,104,D,11541,11630,,120.8146358,120.5922747,120.6197975,120.4576154
Gold.Coin.9712,20171202,1391000,1397500,1383002,1393481,376240020,270,9,D,1371902,1395000,,,Lotus.Gold.Com.ETF,20171202,11470,11570,11470,11541,3006485106,260498,50,D,11415,11524,,121.2728858,120.7865169,120.5755885,120.7417901
Gold.Coin.9712,20171129,1374499,1377000,1370900,1371902,439008770,320,5,D,1373530,1374900,,,Lotus.Gold.Com.ETF,20171129,11439,11499,11398,11415,1521015795,133244,28,D,11377,11495,,120.1590174,119.7495434,120.2754869,120.1841437
Gold.Coin.9712,20171128,1368001,1381500,1366000,1373530,1043883020,760,20,D,1367120,1377000,,,Lotus.Gold.Com.ETF,20171128,11309,11470,11309,11377,3983130988,350092,37,D,11538,11441,,120.965691,120.4446382,120.7887523,120.7286631
Gold.Coin.9712,20171126,1390000,1390000,1350000,1367120,2515500540,1840,39,D,1393241,1368000,,,Lotus.Gold.Com.ETF,20171126,11553,11577,11454,11538,1707319622,147972,39,D,11557,11455,,120.3150697,120.0656474,117.8627554,118.4884729
Gold.Coin.9712,20171125,1377500,1400000,1377500,1393241,1128525000,810,33,D,1418427,1388000,,,Lotus.Gold.Com.ETF,20171125,11600,11689,11550,11557,2628901955,227476,67,D,11901,11666,,118.75,119.7707246,119.2640693,120.5538635
Gold.Coin.9712,20171122,1370000,1463000,1370000,1418427,2411326720,1700,43,D,1429547,1443000,,,Lotus.Gold.Com.ETF,20171122,11827,11927,11827,11901,17285626457,1452499,88,D,11828,11830,,115.836645,122.6628658,115.836645,119.1855306
Gold.Coin.9712,20171121,1438000,1438100,1423500,1429547,814842030,570,19,D,1438528,1423500,,,Lotus.Gold.Com.ETF,20171121,11901,11948,11746,11828,3771918833,318886,82,D,11719,11746,,120.8301823,120.3632407,121.1901924,120.8612614
Gold.Coin.9712,20171120,1418000,1450000,1415000,1438528,517870000,360,17,D,1420842,1450000,,,Lotus.Gold.Com.ETF,20171120,11657,11949,11635,11719,3874362099,330604,105,D,11630,11949,,121.6436476,121.3490669,121.6158144,122.7517706
Gold.Coin.9712,20171118,1412998,1424000,1410003,1420842,1349800160,950,31,D,1406254,1420000,,,Lotus.Gold.Com.ETF,20171118,11541,11690,11540,11630,1171598982,100736,59,D,11494,11640,,122.4328914,121.8135158,122.1839688,122.1704213
Gold.Coin.9712,20171115,1405000,1411999,1402000,1406254,759377150,540,17,D,1404868,1411999,,,Lotus.Gold.Com.ETF,20171115,11425,11550,11424,11494,1217091272,105891,49,D,11499,11522,,122.97593,122.2509957,122.7240896,122.3467896
Gold.Coin.9712,20171114,1400000,1415000,1400000,1404868,1376770300,980,20,D,1382800,1400000,,,Lotus.Gold.Com.ETF,20171114,11400,11560,11352,11499,3503950117,304714,87,D,11246,11481,,122.8070175,122.4048443,123.3262861,122.1730585
Gold.Coin.9712,20171113,1382000,1395000,1371000,1382800,954131800,690,18,D,1360763,1395000,,,Lotus.Gold.Com.ETF,20171113,11155,11411,11142,11246,5939674463,528137,77,D,11178,11411,,123.890632,122.2504601,123.0479268,122.9592744
Gold.Coin.9712,20171112,1359800,1362500,1359800,1360763,81645800,60,3,D,1357873,1362500,,,Lotus.Gold.Com.ETF,20171112,11180,11190,11134,11178,1014093362,90724,39,D,11084,11135,,121.627907,121.7605004,122.1304114,121.7358204
Gold.Coin.9712,20171111,1360000,1369999,1356001,1357873,964089530,710,16,D,1354561,1369999,,,Lotus.Gold.Com.ETF,20171111,11111,11180,11001,11084,3723152433,335915,57,D,11069,11180,,122.401224,122.540161,123.2616126,122.5074883
Gold.Coin.9712,20171108,1352990,1359000,1350500,1354561,690826000,510,12,D,1352594,1350500,,,Lotus.Gold.Com.ETF,20171108,11098,11098,11068,11069,262841474,23745,23,D,11034,11069,,121.9129573,122.4544963,122.0184315,122.3742886
Gold.Coin.9712,20171107,1351800,1353000,1351800,1352594,121733500,90,5,D,1339588,1352990,,,Lotus.Gold.Com.ETF,20171107,11002,11096,11001,11034,1598816698,144901,18,D,10913,11095,,122.8685694,121.9358327,122.8797382,122.5841943
Gold.Coin.9712,20171106,1337000,1345000,1337000,1339588,455460000,340,9,D,1327446,1345000,,,Lotus.Gold.Com.ETF,20171106,10906,11040,10904,10913,6024069660,552015,22,D,10906,11001,,122.593068,121.8297101,122.6155539,122.7515807
Gold.Coin.9712,20171105,1330000,1332900,1325000,1327446,292038100,220,6,D,1327710,1332900,,,Lotus.Gold.Com.ETF,20171105,10905,10926,10905,10906,221974465,20353,10,D,10928,10926,,121.9624026,121.9934102,121.5038973,121.7170365
Gold.Coin.9712,20171104,1334000,1334000,1326000,1327710,278819090,210,9,D,1332125,1326000,,,Lotus.Gold.Com.ETF,20171104,10933,10933,10905,10928,615632504,56337,11,D,10902,10906,,122.0159151,122.0159151,121.5955983,121.4961567
Gold.Coin.9712,20171101,1331000,1334000,1331000,1332125,106570000,80,3,D,1325833,1334000,,,Lotus.Gold.Com.ETF,20171101,10900,10930,10900,10902,1187079243,108887,26,D,10943,10900,,122.1100917,122.0494053,122.1100917,122.1908824
Gold.Coin.9712,20171031,1326000,1330999,1324000,1325833,397749990,300,9,D,1318653,1326000,,,Lotus.Gold.Com.ETF,20171031,10885,10999,10882,10943,2530166877,231210,37,D,10922,10905,,121.819017,121.0109101,121.6688109,121.1580919
Gold.Coin.9712,20171030,1300000,1332000,1295000,1318653,1331840000,1010,19,D,1317537,1325000,,,Lotus.Gold.Com.ETF,20171030,10930,11099,10920,10922,315453156,28882,13,D,11058,11030,,118.9387008,120.0108118,118.5897436,120.7336568
Gold.Coin.9712,20171029,1317000,1332000,1317000,1317537,15151681000,11500,12,D,1312521,1332000,,,Lotus.Gold.Com.ETF,20171029,10881,11113,10880,11058,4782162747,432458,57,D,10886,11000,,121.0366694,119.8596239,121.0477941,119.1478568
Gold.Coin.9712,20171028,1316000,1320000,1308000,1312521,630009910,480,11,D,1320000,1320000,,,Lotus.Gold.Com.ETF,20171028,10893,10895,10879,10886,220801794,20283,20,D,10886,10880,,120.8115303,121.1564938,120.2316389,120.5696307
Gold.Coin.9712,20171025,1320000,1320000,1320000,1320000,79200000,60,3,D,1315933,1320000,,,Lotus.Gold.Com.ETF,20171025,10890,10897,10881,10886,2218606026,203798,22,D,10881,10881,,121.2121212,121.1342571,121.3123794,121.2566599
Gold.Coin.9712,20171024,1315000,1320000,1315000,1315933,197390000,150,7,D,1306250,1320000,,,Lotus.Gold.Com.ETF,20171024,10849,10889,10849,10881,1391219889,127855,22,D,10849,10881,,121.209328,121.2232528,121.209328,120.9386086
Gold.Coin.9712,20171023,1303000,1310000,1303000,1306250,104500000,80,6,D,1305877,1308000,,,Lotus.Gold.Com.ETF,20171023,10861,10861,10848,10849,694268012,63994,17,D,10855,10849,,119.9705368,120.6150447,120.1143068,120.4028021
Gold.Coin.9712,20171022,1310000,1312000,1302000,1305877,861879000,660,20,D,1308347,1310000,,,Lotus.Gold.Com.ETF,20171022,10860,10860,10850,10855,175647113,16181,13,D,10889,10851,,120.626151,120.8103131,120,120.3018885
Gold.Coin.9712,20171021,1310000,1310000,1305000,1308347,680340490,520,14,D,1315968,1305000,,,Lotus.Gold.Com.ETF,20171021,10890,10895,10881,10889,830252885,76246,30,D,10881,10895,,120.2938476,120.2386416,119.9338296,120.1530903
Gold.Coin.9712,20171018,1317000,1319000,1314000,1315968,407950000,310,8,D,1316633,1319000,,,Lotus.Gold.Com.ETF,20171018,10880,10890,10880,10881,682395134,62713,24,D,10906,10890,,121.0477941,121.1202938,120.7720588,120.9418252
Gold.Coin.9712,20171017,1317000,1320000,1311000,1316633,4634549000,3520,11,D,1321153,1314900,,,Lotus.Gold.Com.ETF,20171017,10910,10910,10880,10906,706789280,64810,30,D,10900,10881,,120.7149404,120.9899175,120.4963235,120.7255639
Gold.Coin.9712,20171016,1319999,1323000,1319999,1321153,171749920,130,3,D,1315176,1323000,,,Lotus.Gold.Com.ETF,20171016,10905,10905,10900,10900,3772241098,346063,36,D,10894,10901,,121.0453003,121.3204952,121.1008257,121.2066972
Gold.Coin.9712,20171015,1317500,1319000,1313000,1315176,670740000,510,10,D,1319492,1319000,,,Lotus.Gold.Com.ETF,20171015,10894,10910,10894,10894,3064662094,281311,23,D,10889,10900,,120.9381311,120.8982585,120.5250597,120.7248026
Gold.Coin.9712,20171014,1318000,1322000,1315000,1319492,963229000,730,25,D,1316590,1316000,,,Lotus.Gold.Com.ETF,20171014,10900,10926,10877,10889,4687235743,430458,31,D,10890,10895,,120.9174312,120.9957899,120.8973062,121.1766002
Gold.Coin.9712,20171011,1305000,1326000,1305000,1316590,1342922000,1020,22,D,1311087,1318000,,,Lotus.Gold.Com.ETF,20171011,10901,10901,10846,10890,3588823504,329567,40,D,10869,10890,,119.7137877,121.6402165,120.3208556,120.8989899
Gold.Coin.9712,20171010,1307000,1319000,1307000,1311087,812874040,620,25,D,1264939,1318900,,,Lotus.Gold.Com.ETF,20171010,10960,10960,10831,10869,2727618559,250951,39,D,10870,10839,,119.2518248,120.3467153,120.6721448,120.6262766
Gold.Coin.9712,20171009,1280000,1328999,1263000,1264939,26513118990,20960,22,D,1293250,1328999,,,Lotus.Gold.Com.ETF,20171009,10850,10980,10823,10870,5342350579,491468,80,D,10772,10944,,117.9723502,121.0381603,116.6959253,116.3697332
Gold.Coin.9712,20171008,1290000,1302000,1289000,1293250,1435507420,1110,26,D,1265658,1296900,,,Lotus.Gold.Com.ETF,20171008,10700,10802,10700,10772,4324261522,401443,60,D,10624,10765,,120.5607477,120.5332346,120.4672897,120.0566283
Gold.Coin.9712,20171007,1263001,1269900,1263001,1265658,316414510,250,14,D,1258785,1268500,,,Lotus.Gold.Com.ETF,20171007,10613,10660,10612,10624,6266841595,589890,70,D,10599,10646,,119.0050881,119.1275797,119.0163023,119.1319654
Gold.Coin.9712,20171004,1256000,1261500,1255011,1258785,339872010,270,11,D,1251471,1261500,,,Lotus.Gold.Com.ETF,20171004,10600,10620,10572,10599,2201698558,207729,42,D,10563,10613,,118.490566,118.7853107,118.71084,118.7645061
Gold.Coin.9712,20171003,1251000,1254000,1251000,1251471,87603000,70,5,D,1244509,1254000,,,Lotus.Gold.Com.ETF,20171003,10562,10580,10562,10563,410439121,38855,34,D,10557,10580,,118.4434766,118.5255198,118.4434766,118.4768532
Gold.Coin.9712,20171002,1244500,1251500,1244500,1244509,18692525000,15020,3,D,1250033,1251500,,,Lotus.Gold.Com.ETF,20171002,10544,10561,10544,10557,1158164851,109701,18,D,10544,10560,,118.0292109,118.5020358,118.0292109,117.884721
Gold.Coin.9712,20170927,1250000,1250100,1250000,1250033,262507000,210,6,D,1257146,1250000,,,Lotus.Gold.Com.ETF,20170927,10570,10570,10535,10544,569929205,54053,9,D,10570,10535,,118.2592242,118.268685,118.652112,118.5539643
Gold.Coin.9712,20170926,1259000,1260000,1255000,1257146,1206860000,960,16,D,1251000,1258000,,,Lotus.Gold.Com.ETF,20170926,10569,10570,10569,10570,89558237,8473,6,D,10550,10570,,119.1219605,119.205298,118.7434951,118.9352886
Gold.Coin.9712,20170925,1251000,1251000,1251000,1251000,75060000,60,1,D,1250500,1251000,,,Lotus.Gold.Com.ETF,20170925,10750,10750,10535,10550,669441474,63455,26,D,10550,10535,,116.372093,116.372093,118.7470337,118.5781991
Gold.Coin.9712,20170924,1250500,1250500,1250500,1250500,12567525000,10050,1,D,1248000,1250500,,,Lotus.Gold.Com.ETF,20170924,10548,10570,10548,10550,723798960,68606,28,D,10517,10550,,118.5532802,118.3065279,118.5532802,118.5308057
Gold.Coin.9712,20170923,1248000,1248000,1248000,1248000,12480000,10,1,D,1249215,1248000,,,Lotus.Gold.Com.ETF,20170923,10520,10538,10516,10517,882470491,83911,14,D,10555,10517,,118.6311787,118.4285443,118.6763028,118.6650185
Gold.Coin.9712,20170920,1249000,1261000,1249000,1249215,12754490000,10210,4,D,1258548,1258100,,,Lotus.Gold.Com.ETF,20170920,10547,10588,10547,10555,571006882,54100,16,D,10535,10560,,118.4223002,119.097091,118.4223002,118.3529133
Gold.Coin.9712,20170919,1258000,1259500,1258000,1258548,264295000,210,3,D,1254429,1259500,,,Lotus.Gold.Com.ETF,20170919,10532,10550,10532,10535,238547530,22644,16,D,10522,10545,,119.4454994,119.3838863,119.4454994,119.4635026
Gold.Coin.9712,20170918,1252000,1260000,1252000,1254429,87810000,70,3,D,1259320,1260000,,,Lotus.Gold.Com.ETF,20170918,10521,10538,10512,10522,1006093866,95618,16,D,10523,10532,,119.000095,119.5672803,119.1019787,119.2196351
Gold.Coin.9712,20170917,1260000,1260000,1256600,1259320,62966000,50,3,D,1256524,1260000,,,Lotus.Gold.Com.ETF,20170917,10522,10535,10521,10523,1379236781,131071,15,D,10583,10521,,119.7490971,119.6013289,119.4373158,119.673097
Gold.Coin.9712,20170916,1257000,1257000,1256000,1256524,263870000,210,3,D,1274821,1256000,,,Lotus.Gold.Com.ETF,20170916,10577,10596,10516,10583,168813724,15952,17,D,10587,10516,,118.8427721,118.6296716,119.4370483,118.7304167
Gold.Coin.9712,20170913,1273000,1278000,1273000,1274821,178475000,140,6,D,1262300,1278000,,,Lotus.Gold.Com.ETF,20170913,10544,10600,10542,10587,3433696494,324346,34,D,10522,10600,,120.73217,120.5660377,120.7550749,120.4138094
Gold.Coin.9712,20170912,1257000,1267899,1257000,1262300,37868990,30,3,D,1265176,1267899,,,Lotus.Gold.Com.ETF,20170912,10400,10562,10400,10522,296783521,28205,34,D,10594,10545,,120.8653846,120.0434577,120.8653846,119.9676868
Gold.Coin.9712,20170911,1269000,1269000,1265000,1265176,366901100,290,5,D,1277890,1265001,,,Lotus.Gold.Com.ETF,20170911,10611,10699,10545,10594,2951123889,278565,44,D,10545,10578,,119.5928753,118.6092158,119.9620673,119.4238248
Gold.Coin.9712,20170910,1278100,1280000,1276000,1277890,421703560,330,10,D,1265387,1276000,,,Lotus.Gold.Com.ETF,20170906,10547,10668,10528,10545,5924288768,561822,42,D,10524,10565,,121.1813786,119.9850019,121.2006079,121.1844476
Gold.Coin.9712,20170906,1262500,1271000,1260050,1265387,50615500,40,4,D,1260778,1271000,,,Lotus.Gold.Com.ETF,20170905,10420,10570,10402,10524,208704256,19831,28,D,10598,10570,,121.1612284,120.2459792,121.1353586,120.2382174
Gold.Coin.9712,20170905,1260000,1263000,1258100,1260778,516919000,410,10,D,1233551,1258100,,,Lotus.Gold.Com.ETF,20170904,10567,10668,10567,10598,4894274434,461795,53,D,10521,10575,,119.2391407,118.3914511,119.0593357,118.9637667
Gold.Coin.9712,20170904,1231000,1284000,1231000,1233551,13124979000,10640,16,D,1259342,1268000,,,Lotus.Gold.Com.ETF,20170903,10509,10600,10509,10521,12450125284,1183330,68,D,10492,10557,,117.1376915,121.1320755,117.1376915,117.2465545
Gold.Coin.9712,20170903,1256000,1271000,1256000,1259342,478550000,380,7,D,1244350,1271000,,,Lotus.Gold.Com.ETF,20170902,10480,10503,10480,10492,9543395355,909581,55,D,10456,10499,,119.8473282,121.0130439,119.8473282,120.0287838
Gold.Coin.9712,20170902,1240000,1250000,1240000,1244350,248870000,200,9,D,1231100,1250000,,,Lotus.Gold.Com.ETF,20170830,10474,10474,10450,10456,1557292718,148943,37,D,10470,10470,,118.3883903,119.3431354,118.6602871,119.0082249
Gold.Coin.9712,20170830,1231100,1231100,1231100,1231100,123110000,100,1,D,1234682,1231100,,,Lotus.Gold.Com.ETF,20170829,10471,10477,10450,10470,5793947201,553403,38,D,10457,10470,,117.5723427,117.505011,117.8086124,117.5835721
Gold.Coin.9712,20170829,1231001,1235050,1231001,1234682,135815010,110,2,D,1229055,1235050,,,Lotus.Gold.Com.ETF,20170828,10430,10580,10430,10457,1723439962,164812,38,D,10420,10459,,118.025024,116.7344045,118.025024,118.0722961
Gold.Coin.9712,20170828,1229000,1229100,1229000,1229055,221230000,180,5,D,1227500,1229000,,,Lotus.Gold.Com.ETF,20170827,10420,10421,10419,10420,687003602,65931,23,D,10407,10420,,117.9462572,117.9445351,117.9575775,117.9515355
Gold.Coin.9712,20170827,1225000,1228000,1225000,1227500,73649990,60,6,D,1221001,1228000,,,Lotus.Gold.Com.ETF,20170826,10409,10415,10400,10407,750414805,72108,19,D,10403,10415,,117.6866174,117.9068651,117.7884615,117.9494571
Gold.Coin.9712,20170826,1221001,1221001,1221001,1221001,12210010,10,1,D,1217000,1221001,,,Lotus.Gold.Com.ETF,20170823,10398,10416,10396,10403,144679975,13908,21,D,10399,10397,,117.4265243,117.2235983,117.449115,117.3700856
Gold.Coin.9712,20170823,1217000,1217000,1217000,1217000,12170000,10,1,D,1219008,1217000,,,Lotus.Gold.Com.ETF,20170822,10400,10413,10397,10399,880329820,84653,24,D,10397,10398,,117.0192308,116.8731393,117.0529961,117.0304837
Gold.Coin.9712,20170822,1219000,1224000,1219000,1219008,12275413000,10070,4,D,1219714,1219550,,,Lotus.Gold.Com.ETF,20170821,10400,10412,10395,10397,299472001,28804,23,D,10393,10397,,117.2115385,117.5566654,117.2679173,117.2461287
Gold.Coin.9712,20170821,1219000,1220000,1219000,1219714,170760000,140,6,D,1220000,1220000,,,Lotus.Gold.Com.ETF,20170820,10405,10405,10391,10393,526222644,50633,17,D,10388,10392,,117.1552138,117.2513215,117.3130594,117.3591841
Gold.Coin.9712,20170819,1220000,1220000,1220000,1220000,61000000,50,1,D,1220006,1220000,,,Lotus.Gold.Com.ETF,20170819,10390,10390,10387,10388,129243260,12442,12,D,10374,10388,,117.4205967,117.4205967,117.4545104,117.4432037
Gold.Coin.9712,20170815,1220000,1223000,1217017,1220006,36600170,30,3,D,1227333,1217017,,,Lotus.Gold.Com.ETF,20170816,10375,10390,10374,10374,377512260,36390,8,D,10370,10390,,117.5903614,117.7093359,117.3141508,117.6022749
Gold.Coin.9712,20170814,1228000,1228000,1226000,1227333,36820000,30,2,D,1234000,1226000,,,Lotus.Gold.Com.ETF,20170815,10399,10399,10367,10370,7007318607,675700,40,D,10391,10396,,118.0882777,118.0882777,118.259863,118.3541948
Gold.Coin.9712,20170813,1234000,1234000,1234000,1234000,24680000,20,1,D,1230673,1234000,,,Lotus.Gold.Com.ETF,20170814,10402,10402,10381,10391,587301541,56522,13,D,10393,10398,,118.6310325,118.6310325,118.8710144,118.7566163
Gold.Coin.9712,20170812,1230000,1239000,1230000,1230673,2165985000,1760,9,D,1227000,1235500,,,Lotus.Gold.Com.ETF,20170813,10388,10400,10388,10393,286220431,27540,23,D,10387,10400,,118.4058529,119.1346154,118.4058529,118.4136438
Gold.Coin.9712,20170809,1227000,1227000,1227000,1227000,12270000,10,1,D,1224576,1227000,,,Lotus.Gold.Com.ETF,20170812,10370,10395,10369,10387,1052844685,101357,34,D,10337,10395,,118.3220829,118.037518,118.3334941,118.1284298
Gold.Coin.9712,20170808,1224980,1226000,1223000,1224576,269406800,220,4,D,1219335,1226000,,,Lotus.Gold.Com.ETF,20170809,10337,10355,10335,10337,175790926,17006,15,D,10342,10355,,118.5044017,118.3969097,118.3357523,118.4653188
Gold.Coin.9712,20170807,1220002,1220002,1218001,1219335,36580040,30,3,D,1224950,1218001,,,Lotus.Gold.Com.ETF,20170808,10336,10354,10336,10342,175822200,17000,12,D,10350,10350,,118.0342492,117.8290516,117.840654,117.9012763
Gold.Coin.9712,20170806,1224950,1224950,1224950,1224950,12249500,10,1,D,1224950,1224950,,,Lotus.Gold.Com.ETF,20170807,10347,10359,10346,10350,743956641,71878,34,D,10347,10355,,118.3869721,118.2498311,118.3984148,118.352657
Gold.Coin.9712,20170802,1224950,1224950,1224950,1224950,12249500,10,1,D,1223286,1224950,,,Lotus.Gold.Com.ETF,20170806,10300,10351,10300,10347,946379788,91460,50,D,10322,10347,,118.9271845,118.3412231,118.9271845,118.3869721
Gold.Coin.9712,20170801,1223000,1224000,1223000,1223286,171260000,140,6,D,1219424,1224000,,,Lotus.Gold.Com.ETF,20170802,10321,10337,10319,10322,224036483,21705,19,D,10320,10337,,118.4962697,118.4095966,118.5192364,118.5124976
Gold.Coin.9712,20170731,1220000,1224000,1218000,1219424,402410010,330,6,D,1224200,1218000,,,Lotus.Gold.Com.ETF,20170801,10322,10328,10312,10320,544801967,52789,44,D,10319,10315,,118.1941484,118.5127808,118.1148177,118.1612403
Gold.Coin.9712,20170730,1225000,1225000,1224000,1224200,61210000,50,2,D,1219005,1224000,,,Lotus.Gold.Com.ETF,20170731,10319,10329,10308,10319,681930852,66085,52,D,10295,10325,,118.7130536,118.5981218,118.7427241,118.6355267
Gold.Coin.9712,20170729,1230000,1230000,1219000,1219005,34607540010,28390,4,D,1210000,1221000,,,Lotus.Gold.Com.ETF,20170730,10304,10304,10283,10295,1182964230,114903,80,D,10000,10301,,119.371118,119.371118,118.5451716,118.4074794
Gold.Coin.9712,20170724,1210000,1210000,1210000,1210000,121000000,100,1,D,1210850,1210000,,,Lotus.Gold.Com.ETF,20170614,10000,10000,10000,10000,31963270000,3196327,305,D,10000,10000,,121,121,121,121
Gold.Coin.9712,20170723,1213500,1215000,1210000,1210850,121085000,100,3,D,1215100,1215000,,,Lotus.Gold.Com.ETF,20170613,10000,10000,10000,10000,2800210000,280021,88,D,10000,10000,,121.35,121.5,121,121.085
Gold.Coin.9712,20170718,1215100,1215100,1215100,1215100,12151000,10,1,D,1215200,1215100,,,Lotus.Gold.Com.ETF,20170612,10000,10000,10000,10000,40958920000,4095892,184,D,10000,10000,,121.51,121.51,121.51,121.51
Gold.Coin.9712,20170717,1216000,1216000,1215000,1215200,60760000,50,2,D,1216000,1215000,,,Lotus.Gold.Com.ETF,20170611,10000,10000,10000,10000,3848200000,384820,176,D,10000,10000,,121.6,121.6,121.5,121.52
Gold.Coin.9712,20170716,1216000,1216000,1216000,1216000,12160000,10,1,D,1215006,1216000,,,Lotus.Gold.Com.ETF,20170610,10000,10000,10000,10000,78429850000,7842985,425,D,10000,10000,,121.6,121.6,121.6,121.6
Gold.Coin.9712,,,,,,,,,,,,,,,,,,,,,,,,,,,,,,
Gold.Coin.9712,,,,,,,,,,,,,,,,,,,,,,,,,,,,,,
Gold.Coin.9712,,,,,,,,,,,,,,,,,,,,,,,,,,,,,,
Gold.Coin.9712,,,,,,,,,,,,,,,,,,,,,,,,,,,,,,
Gold.Coin.9712,,,,,,,,,,,,,,,,,,,,,,,,,,,,,,
Gold.Coin.9712,,,,,,,,,,,,,,,,,,,,,,,,,,,,,,
Gold.Coin.9712,,,,,,,,,,,,,,,,,,,,,,,,,,,,,,
Gold.Coin.9712,,,,,,,,,,,,,,,,,,,,,,,,,,,,,,
Gold.Coin.9712,,,,,,,,,,,,,,,,,,,,,,,,,,,,,,
Gold.Coin.9712,,,,,,,,,,,,,,,,,,,,,,,,,,,,,,
Gold.Coin.9712,,,,,,,,,,,,,,,,,,,,,,,,,,,,,,
Gold.Coin.9712,,,,,,,,,,,,,,,,,,,,,,,,,,,,,,
Gold.Coin.9712,,,,,,,,,,,,,,,,,,,,,,,,,,,,,,
Gold.Coin.9712,,,,,,,,,,,,,,,,,,,,,,,,,,,,,,
Gold.Coin.9712,,,,,,,,,,,,,,,,,,,,,,,,,,,,,,
Gold.Coin.9712,,,,,,,,,,,,,,,,,,,,,,,,,,,,,,
Gold.Coin.9712,,,,,,,,,,,,,,,,,,,,,,,,,,,,,,
Gold.Coin.9712,,,,,,,,,,,,,,,,,,,,,,,,,,,,,,
Gold.Coin.9712,,,,,,,,,,,,,,,,,,,,,,,,,,,,,,
Gold.Coin.9712,,,,,,,,,,,,,,,,,,,,,,,,,,,,,,
Gold.Coin.9712,,,,,,,,,,,,,,,,,,,,,,,,,,,,,,
Gold.Coin.9712,,,,,,,,,,,,,,,,,,,,,,,,,,,,,,
Gold.Coin.9712,,,,,,,,,,,,,,,,,,,,,,,,,,,,,,
Gold.Coin.9712,,,,,,,,,,,,,,,,,,,,,,,,,,,,,,
Gold.Coin.9712,,,,,,,,,,,,,,,,,,,,,,,,,,,,,,
Gold.Coin.9712,,,,,,,,,,,,,,,,,,,,,,,,,,,,,,
Gold.Coin.9712,,,,,,,,,,,,,,,,,,,,,,,,,,,,,,
Gold.Coin.9712,,,,,,,,,,,,,,,,,,,,,,,,,,,,,,
Gold.Coin.9712,,,,,,,,,,,,,,,,,,,,,,,,,,,,,,
Gold.Coin.9712,,,,,,,,,,,,,,,,,,,,,,,,,,,,,,
Gold.Coin.9712,,,,,,,,,,,,,,,,,,,,,,,,,,,,,,
Gold.Coin.9712,,,,,,,,,,,,,,,,,,,,,,,,,,,,,,
Gold.Coin.9712,,,,,,,,,,,,,,,,,,,,,,,,,,,,,,
Gold.Coin.9712,,,,,,,,,,,,,,,,,,,,,,,,,,,,,,
Gold.Coin.9712,,,,,,,,,,,,,,,,,,,,,,,,,,,,,,
Gold.Coin.9712,,,,,,,,,,,,,,,,,,,,,,,,,,,,,,
Gold.Coin.9712,,,,,,,,,,,,,,,,,,,,,,,,,,,,,,
Gold.Coin.9712,,,,,,,,,,,,,,,,,,,,,,,,,,,,,,
Gold.Coin.9712,,,,,,,,,,,,,,,,,,,,,,,,,,,,,,
Gold.Coin.9712,,,,,,,,,,,,,,,,,,,,,,,,,,,,,,
Gold.Coin.9712,,,,,,,,,,,,,,,,,,,,,,,,,,,,,,
Gold.Coin.9712,,,,,,,,,,,,,,,,,,,,,,,,,,,,,,
Gold.Coin.9712,,,,,,,,,,,,,,,,,,,,,,,,,,,,,,
Gold.Coin.9712,,,,,,,,,,,,,,,,,,,,,,,,,,,,,,
Gold.Coin.9712,,,,,,,,,,,,,,,,,,,,,,,,,,,,,,
Gold.Coin.9712,,,,,,,,,,,,,,,,,,,,,,,,,,,,,,
Gold.Coin.9712,,,,,,,,,,,,,,,,,,,,,,,,,,,,,,
Gold.Coin.9712,,,,,,,,,,,,,,,,,,,,,,,,,,,,,,
Gold.Coin.9712,,,,,,,,,,,,,,,,,,,,,,,,,,,,,,
Gold.Coin.9712,,,,,,,,,,,,,,,,,,,,,,,,,,,,,,
Gold.Coin.9712,,,,,,,,,,,,,,,,,,,,,,,,,,,,,,
Gold.Coin.9712,,,,,,,,,,,,,,,,,,,,,,,,,,,,,,
Gold.Coin.9712,,,,,,,,,,,,,,,,,,,,,,,,,,,,,,
Gold.Coin.9712,,,,,,,,,,,,,,,,,,,,,,,,,,,,,,
Gold.Coin.9712,,,,,,,,,,,,,,,,,,,,,,,,,,,,,,
Gold.Coin.9712,,,,,,,,,,,,,,,,,,,,,,,,,,,,,,
Gold.Coin.9712,,,,,,,,,,,,,,,,,,,,,,,,,,,,,,
Gold.Coin.9712,,,,,,,,,,,,,,,,,,,,,,,,,,,,,,
Gold.Coin.9712,,,,,,,,,,,,,,,,,,,,,,,,,,,,,,
Gold.Coin.9712,,,,,,,,,,,,,,,,,,,,,,,,,,,,,,
Gold.Coin.9712,,,,,,,,,,,,,,,,,,,,,,,,,,,,,,
Gold.Coin.9712,,,,,,,,,,,,,,,,,,,,,,,,,,,,,,
Gold.Coin.9712,,,,,,,,,,,,,,,,,,,,,,,,,,,,,,
Gold.Coin.9712,,,,,,,,,,,,,,,,,,,,,,,,,,,,,,
Gold.Coin.9712,,,,,,,,,,,,,,,,,,,,,,,,,,,,,,
Gold.Coin.9712,,,,,,,,,,,,,,,,,,,,,,,,,,,,,,
Gold.Coin.9712,,,,,,,,,,,,,,,,,,,,,,,,,,,,,,
Gold.Coin.9712,,,,,,,,,,,,,,,,,,,,,,,,,,,,,,
Gold.Coin.9712,,,,,,,,,,,,,,,,,,,,,,,,,,,,,,
Gold.Coin.9712,,,,,,,,,,,,,,,,,,,,,,,,,,,,,,
Gold.Coin.9712,,,,,,,,,,,,,,,,,,,,,,,,,,,,,,
Gold.Coin.9712,,,,,,,,,,,,,,,,,,,,,,,,,,,,,,
Gold.Coin.9712,,,,,,,,,,,,,,,,,,,,,,,,,,,,,,
Gold.Coin.9712,,,,,,,,,,,,,,,,,,,,,,,,,,,,,,
Gold.Coin.9712,,,,,,,,,,,,,,,,,,,,,,,,,,,,,,
Gold.Coin.9712,,,,,,,,,,,,,,,,,,,,,,,,,,,,,,
Gold.Coin.9712,,,,,,,,,,,,,,,,,,,,,,,,,,,,,,
Gold.Coin.9712,,,,,,,,,,,,,,,,,,,,,,,,,,,,,,
Gold.Coin.9712,,,,,,,,,,,,,,,,,,,,,,,,,,,,,,
Gold.Coin.9712,,,,,,,,,,,,,,,,,,,,,,,,,,,,,,
Gold.Coin.9712,,,,,,,,,,,,,,,,,,,,,,,,,,,,,,
Gold.Coin.9712,,,,,,,,,,,,,,,,,,,,,,,,,,,,,,
Gold.Coin.9712,,,,,,,,,,,,,,,,,,,,,,,,,,,,,,
Gold.Coin.9712,,,,,,,,,,,,,,,,,,,,,,,,,,,,,,
Gold.Coin.9712,,,,,,,,,,,,,,,,,,,,,,,,,,,,,,
Gold.Coin.9712,,,,,,,,,,,,,,,,,,,,,,,,,,,,,,
Gold.Coin.9712,,,,,,,,,,,,,,,,,,,,,,,,,,,,,,
Gold.Coin.9712,,,,,,,,,,,,,,,,,,,,,,,,,,,,,,
Gold.Coin.9712,,,,,,,,,,,,,,,,,,,,,,,,,,,,,,
Gold.Coin.9712,,,,,,,,,,,,,,,,,,,,,,,,,,,,,,
Gold.Coin.9712,,,,,,,,,,,,,,,,,,,,,,,,,,,,,,
Gold.Coin.9712,,,,,,,,,,,,,,,,,,,,,,,,,,,,,,
Gold.Coin.9712,,,,,,,,,,,,,,,,,,,,,,,,,,,,,,
Gold.Coin.9712,,,,,,,,,,,,,,,,,,,,,,,,,,,,,,
Gold.Coin.9712,,,,,,,,,,,,,,,,,,,,,,,,,,,,,,
Gold.Coin.9712,,,,,,,,,,,,,,,,,,,,,,,,,,,,,,
Gold.Coin.9712,,,,,,,,,,,,,,,,,,,,,,,,,,,,,,
Gold.Coin.9712,,,,,,,,,,,,,,,,,,,,,,,,,,,,,,
Gold.Coin.9712,,,,,,,,,,,,,,,,,,,,,,,,,,,,,,
Gold.Coin.9712,,,,,,,,,,,,,,,,,,,,,,,,,,,,,,
Gold.Coin.9712,,,,,,,,,,,,,,,,,,,,,,,,,,,,,,
Gold.Coin.9712,,,,,,,,,,,,,,,,,,,,,,,,,,,,,,
Gold.Coin.9712,,,,,,,,,,,,,,,,,,,,,,,,,,,,,,
Gold.Coin.9712,,,,,,,,,,,,,,,,,,,,,,,,,,,,,,
Gold.Coin.9712,,,,,,,,,,,,,,,,,,,,,,,,,,,,,,
Gold.Coin.9712,,,,,,,,,,,,,,,,,,,,,,,,,,,,,,
Gold.Coin.9712,,,,,,,,,,,,,,,,,,,,,,,,,,,,,,
Gold.Coin.9712,,,,,,,,,,,,,,,,,,,,,,,,,,,,,,
Gold.Coin.9712,,,,,,,,,,,,,,,,,,,,,,,,,,,,,,
Gold.Coin.9712,,,,,,,,,,,,,,,,,,,,,,,,,,,,,,
Gold.Coin.9712,,,,,,,,,,,,,,,,,,,,,,,,,,,,,,
Gold.Coin.9712,,,,,,,,,,,,,,,,,,,,,,,,,,,,,,
Gold.Coin.9712,,,,,,,,,,,,,,,,,,,,,,,,,,,,,,
Gold.Coin.9712,,,,,,,,,,,,,,,,,,,,,,,,,,,,,,
Gold.Coin.9712,,,,,,,,,,,,,,,,,,,,,,,,,,,,,,
Gold.Coin.9712,,,,,,,,,,,,,,,,,,,,,,,,,,,,,,
Gold.Coin.9712,,,,,,,,,,,,,,,,,,,,,,,,,,,,,,
Gold.Coin.9712,,,,,,,,,,,,,,,,,,,,,,,,,,,,,,
Gold.Coin.9712,,,,,,,,,,,,,,,,,,,,,,,,,,,,,,
Gold.Coin.9712,,,,,,,,,,,,,,,,,,,,,,,,,,,,,,
Gold.Coin.9712,,,,,,,,,,,,,,,,,,,,,,,,,,,,,,
Gold.Coin.9712,,,,,,,,,,,,,,,,,,,,,,,,,,,,,,
Gold.Coin.9712,,,,,,,,,,,,,,,,,,,,,,,,,,,,,,
Gold.Coin.9712,,,,,,,,,,,,,,,,,,,,,,,,,,,,,,
Gold.Coin.9712,,,,,,,,,,,,,,,,,,,,,,,,,,,,,,
Gold.Coin.9712,,,,,,,,,,,,,,,,,,,,,,,,,,,,,,
Gold.Coin.9712,,,,,,,,,,,,,,,,,,,,,,,,,,,,,,
Gold.Coin.9712,,,,,,,,,,,,,,,,,,,,,,,,,,,,,,
Gold.Coin.9712,,,,,,,,,,,,,,,,,,,,,,,,,,,,,,
Gold.Coin.9712,,,,,,,,,,,,,,,,,,,,,,,,,,,,,,
Gold.Coin.9712,,,,,,,,,,,,,,,,,,,,,,,,,,,,,,
Gold.Coin.9712,,,,,,,,,,,,,,,,,,,,,,,,,,,,,,
Gold.Coin.9712,,,,,,,,,,,,,,,,,,,,,,,,,,,,,,
Gold.Coin.9712,,,,,,,,,,,,,,,,,,,,,,,,,,,,,,
Gold.Coin.9712,,,,,,,,,,,,,,,,,,,,,,,,,,,,,,
Gold.Coin.9712,,,,,,,,,,,,,,,,,,,,,,,,,,,,,,
Gold.Coin.9712,,,,,,,,,,,,,,,,,,,,,,,,,,,,,,
Gold.Coin.9712,,,,,,,,,,,,,,,,,,,,,,,,,,,,,,
Gold.Coin.9712,,,,,,,,,,,,,,,,,,,,,,,,,,,,,,
Gold.Coin.9712,,,,,,,,,,,,,,,,,,,,,,,,,,,,,,
Gold.Coin.9712,,,,,,,,,,,,,,,,,,,,,,,,,,,,,,
Gold.Coin.9712,,,,,,,,,,,,,,,,,,,,,,,,,,,,,,
Gold.Coin.9712,,,,,,,,,,,,,,,,,,,,,,,,,,,,,,
Gold.Coin.9712,,,,,,,,,,,,,,,,,,,,,,,,,,,,,,
Gold.Coin.9712,,,,,,,,,,,,,,,,,,,,,,,,,,,,,,
Gold.Coin.9712,,,,,,,,,,,,,,,,,,,,,,,,,,,,,,
Gold.Coin.9712,,,,,,,,,,,,,,,,,,,,,,,,,,,,,,
Gold.Coin.9712,,,,,,,,,,,,,,,,,,,,,,,,,,,,,,
Gold.Coin.9712,,,,,,,,,,,,,,,,,,,,,,,,,,,,,,
Gold.Coin.9712,,,,,,,,,,,,,,,,,,,,,,,,,,,,,,
Gold.Coin.9712,,,,,,,,,,,,,,,,,,,,,,,,,,,,,,
Gold.Coin.9712,,,,,,,,,,,,,,,,,,,,,,,,,,,,,,
Gold.Coin.9712,,,,,,,,,,,,,,,,,,,,,,,,,,,,,,
Gold.Coin.9712,,,,,,,,,,,,,,,,,,,,,,,,,,,,,,
Gold.Coin.9712,,,,,,,,,,,,,,,,,,,,,,,,,,,,,,
Gold.Coin.9712,,,,,,,,,,,,,,,,,,,,,,,,,,,,,,
Gold.Coin.9712,,,,,,,,,,,,,,,,,,,,,,,,,,,,,,
Gold.Coin.9712,,,,,,,,,,,,,,,,,,,,,,,,,,,,,,
Gold.Coin.9712,,,,,,,,,,,,,,,,,,,,,,,,,,,,,,
Gold.Coin.9712,,,,,,,,,,,,,,,,,,,,,,,,,,,,,,
Gold.Coin.9712,,,,,,,,,,,,,,,,,,,,,,,,,,,,,,
Gold.Coin.9712,,,,,,,,,,,,,,,,,,,,,,,,,,,,,,
Gold.Coin.9712,,,,,,,,,,,,,,,,,,,,,,,,,,,,,,
Gold.Coin.9712,,,,,,,,,,,,,,,,,,,,,,,,,,,,,,
Gold.Coin.9712,,,,,,,,,,,,,,,,,,,,,,,,,,,,,,
Gold.Coin.9712,,,,,,,,,,,,,,,,,,,,,,,,,,,,,,
Gold.Coin.9712,,,,,,,,,,,,,,,,,,,,,,,,,,,,,,
Gold.Coin.9712,,,,,,,,,,,,,,,,,,,,,,,,,,,,,,
Gold.Coin.9712,,,,,,,,,,,,,,,,,,,,,,,,,,,,,,
Gold.Coin.9712,,,,,,,,,,,,,,,,,,,,,,,,,,,,,,
Gold.Coin.9712,,,,,,,,,,,,,,,,,,,,,,,,,,,,,,
Gold.Coin.9712,,,,,,,,,,,,,,,,,,,,,,,,,,,,,,
Gold.Coin.9712,,,,,,,,,,,,,,,,,,,,,,,,,,,,,,
Gold.Coin.9712,,,,,,,,,,,,,,,,,,,,,,,,,,,,,,
Gold.Coin.9712,,,,,,,,,,,,,,,,,,,,,,,,,,,,,,
Gold.Coin.9712,,,,,,,,,,,,,,,,,,,,,,,,,,,,,,
Gold.Coin.9712,,,,,,,,,,,,,,,,,,,,,,,,,,,,,,
Gold.Coin.9712,,,,,,,,,,,,,,,,,,,,,,,,,,,,,,
Gold.Coin.9712,,,,,,,,,,,,,,,,,,,,,,,,,,,,,,
Gold.Coin.9712,,,,,,,,,,,,,,,,,,,,,,,,,,,,,,
Gold.Coin.9712,,,,,,,,,,,,,,,,,,,,,,,,,,,,,,
Gold.Coin.9712,,,,,,,,,,,,,,,,,,,,,,,,,,,,,,
Gold.Coin.9712,,,,,,,,,,,,,,,,,,,,,,,,,,,,,,
Gold.Coin.9712,,,,,,,,,,,,,,,,,,,,,,,,,,,,,,
Gold.Coin.9712,,,,,,,,,,,,,,,,,,,,,,,,,,,,,,
Gold.Coin.9712,,,,,,,,,,,,,,,,,,,,,,,,,,,,,,
Gold.Coin.9712,,,,,,,,,,,,,,,,,,,,,,,,,,,,,,
Gold.Coin.9712,,,,,,,,,,,,,,,,,,,,,,,,,,,,,,
Gold.Coin.9712,,,,,,,,,,,,,,,,,,,,,,,,,,,,,,
Gold.Coin.9712,,,,,,,,,,,,,,,,,,,,,,,,,,,,,,
Gold.Coin.9712,,,,,,,,,,,,,,,,,,,,,,,,,,,,,,
Gold.Coin.9712,,,,,,,,,,,,,,,,,,,,,,,,,,,,,,
Gold.Coin.9712,,,,,,,,,,,,,,,,,,,,,,,,,,,,,,
Gold.Coin.9712,,,,,,,,,,,,,,,,,,,,,,,,,,,,,,
Gold.Coin.9712,,,,,,,,,,,,,,,,,,,,,,,,,,,,,,
Gold.Coin.9712,,,,,,,,,,,,,,,,,,,,,,,,,,,,,,
Gold.Coin.9712,,,,,,,,,,,,,,,,,,,,,,,,,,,,,,
Gold.Coin.9712,,,,,,,,,,,,,,,,,,,,,,,,,,,,,,
Gold.Coin.9712,,,,,,,,,,,,,,,,,,,,,,,,,,,,,,
Gold.Coin.9712,,,,,,,,,,,,,,,,,,,,,,,,,,,,,,
Gold.Coin.9712,,,,,,,,,,,,,,,,,,,,,,,,,,,,,,
Gold.Coin.9712,,,,,,,,,,,,,,,,,,,,,,,,,,,,,,
Gold.Coin.9712,,,,,,,,,,,,,,,,,,,,,,,,,,,,,,
Gold.Coin.9712,,,,,,,,,,,,,,,,,,,,,,,,,,,,,,
Gold.Coin.9712,,,,,,,,,,,,,,,,,,,,,,,,,,,,,,
Gold.Coin.9712,,,,,,,,,,,,,,,,,,,,,,,,,,,,,,
Gold.Coin.9712,,,,,,,,,,,,,,,,,,,,,,,,,,,,,,
Gold.Coin.9712,,,,,,,,,,,,,,,,,,,,,,,,,,,,,,
Gold.Coin.9712,,,,,,,,,,,,,,,,,,,,,,,,,,,,,,
Gold.Coin.9712,,,,,,,,,,,,,,,,,,,,,,,,,,,,,,
Gold.Coin.9712,,,,,,,,,,,,,,,,,,,,,,,,,,,,,,
Gold.Coin.9712,,,,,,,,,,,,,,,,,,,,,,,,,,,,,,
Gold.Coin.9712,,,,,,,,,,,,,,,,,,,,,,,,,,,,,,
Gold.Coin.9712,,,,,,,,,,,,,,,,,,,,,,,,,,,,,,
Gold.Coin.9712,,,,,,,,,,,,,,,,,,,,,,,,,,,,,,
Gold.Coin.9712,,,,,,,,,,,,,,,,,,,,,,,,,,,,,,
Gold.Coin.9712,,,,,,,,,,,,,,,,,,,,,,,,,,,,,,
Gold.Coin.9712,,,,,,,,,,,,,,,,,,,,,,,,,,,,,,
Gold.Coin.9712,,,,,,,,,,,,,,,,,,,,,,,,,,,,,,
Gold.Coin.9712,,,,,,,,,,,,,,,,,,,,,,,,,,,,,,
Gold.Coin.9712,,,,,,,,,,,,,,,,,,,,,,,,,,,,,,
Gold.Coin.9712,,,,,,,,,,,,,,,,,,,,,,,,,,,,,,
Gold.Coin.9712,,,,,,,,,,,,,,,,,,,,,,,,,,,,,,
Gold.Coin.9712,,,,,,,,,,,,,,,,,,,,,,,,,,,,,,
Gold.Coin.9712,,,,,,,,,,,,,,,,,,,,,,,,,,,,,,
Gold.Coin.9712,,,,,,,,,,,,,,,,,,,,,,,,,,,,,,
Gold.Coin.9712,,,,,,,,,,,,,,,,,,,,,,,,,,,,,,
Gold.Coin.9712,,,,,,,,,,,,,,,,,,,,,,,,,,,,,,
Gold.Coin.9712,,,,,,,,,,,,,,,,,,,,,,,,,,,,,,
Gold.Coin.9712,,,,,,,,,,,,,,,,,,,,,,,,,,,,,,
Gold.Coin.9712,,,,,,,,,,,,,,,,,,,,,,,,,,,,,,
Gold.Coin.9712,,,,,,,,,,,,,,,,,,,,,,,,,,,,,,
Gold.Coin.9712,,,,,,,,,,,,,,,,,,,,,,,,,,,,,,
Gold.Coin.9712,,,,,,,,,,,,,,,,,,,,,,,,,,,,,,
Gold.Coin.9712,,,,,,,,,,,,,,,,,,,,,,,,,,,,,,
Gold.Coin.9712,,,,,,,,,,,,,,,,,,,,,,,,,,,,,,
Gold.Coin.9712,,,,,,,,,,,,,,,,,,,,,,,,,,,,,,
Gold.Coin.9712,,,,,,,,,,,,,,,,,,,,,,,,,,,,,,
Gold.Coin.9712,,,,,,,,,,,,,,,,,,,,,,,,,,,,,,
Gold.Coin.9712,,,,,,,,,,,,,,,,,,,,,,,,,,,,,,
Gold.Coin.9712,,,,,,,,,,,,,,,,,,,,,,,,,,,,,,
Gold.Coin.9712,,,,,,,,,,,,,,,,,,,,,,,,,,,,,,
Gold.Coin.9712,,,,,,,,,,,,,,,,,,,,,,,,,,,,,,
Gold.Coin.9712,,,,,,,,,,,,,,,,,,,,,,,,,,,,,,
Gold.Coin.9712,,,,,,,,,,,,,,,,,,,,,,,,,,,,,,
Gold.Coin.9712,,,,,,,,,,,,,,,,,,,,,,,,,,,,,,
Gold.Coin.9712,,,,,,,,,,,,,,,,,,,,,,,,,,,,,,
Gold.Coin.9712,,,,,,,,,,,,,,,,,,,,,,,,,,,,,,
Gold.Coin.9712,,,,,,,,,,,,,,,,,,,,,,,,,,,,,,
Gold.Coin.9712,,,,,,,,,,,,,,,,,,,,,,,,,,,,,,
Gold.Coin.9712,,,,,,,,,,,,,,,,,,,,,,,,,,,,,,
Gold.Coin.9712,,,,,,,,,,,,,,,,,,,,,,,,,,,,,,
Gold.Coin.9712,,,,,,,,,,,,,,,,,,,,,,,,,,,,,,
Gold.Coin.9712,,,,,,,,,,,,,,,,,,,,,,,,,,,,,,
Gold.Coin.9712,,,,,,,,,,,,,,,,,,,,,,,,,,,,,,
Gold.Coin.9712,,,,,,,,,,,,,,,,,,,,,,,,,,,,,,
Gold.Coin.9712,,,,,,,,,,,,,,,,,,,,,,,,,,,,,,
Gold.Coin.9712,,,,,,,,,,,,,,,,,,,,,,,,,,,,,,
Gold.Coin.9712,,,,,,,,,,,,,,,,,,,,,,,,,,,,,,
Gold.Coin.9712,,,,,,,,,,,,,,,,,,,,,,,,,,,,,,
Gold.Coin.9712,,,,,,,,,,,,,,,,,,,,,,,,,,,,,,
Gold.Coin.9712,,,,,,,,,,,,,,,,,,,,,,,,,,,,,,
Gold.Coin.9712,,,,,,,,,,,,,,,,,,,,,,,,,,,,,,
Gold.Coin.9712,,,,,,,,,,,,,,,,,,,,,,,,,,,,,,
Gold.Coin.9712,,,,,,,,,,,,,,,,,,,,,,,,,,,,,,
Gold.Coin.9712,,,,,,,,,,,,,,,,,,,,,,,,,,,,,,
Gold.Coin.9712,,,,,,,,,,,,,,,,,,,,,,,,,,,,,,
Gold.Coin.9712,,,,,,,,,,,,,,,,,,,,,,,,,,,,,,
Gold.Coin.9712,,,,,,,,,,,,,,,,,,,,,,,,,,,,,,
Gold.Coin.9712,,,,,,,,,,,,,,,,,,,,,,,,,,,,,,
Gold.Coin.9712,,,,,,,,,,,,,,,,,,,,,,,,,,,,,,
Gold.Coin.9712,,,,,,,,,,,,,,,,,,,,,,,,,,,,,,
Gold.Coin.9712,,,,,,,,,,,,,,,,,,,,,,,,,,,,,,
Gold.Coin.9712,,,,,,,,,,,,,,,,,,,,,,,,,,,,,,
Gold.Coin.9712,,,,,,,,,,,,,,,,,,,,,,,,,,,,,,
Gold.Coin.9712,,,,,,,,,,,,,,,,,,,,,,,,,,,,,,
Gold.Coin.9712,,,,,,,,,,,,,,,,,,,,,,,,,,,,,,
Gold.Coin.9712,,,,,,,,,,,,,,,,,,,,,,,,,,,,,,
Gold.Coin.9712,,,,,,,,,,,,,,,,,,,,,,,,,,,,,,
Gold.Coin.9712,,,,,,,,,,,,,,,,,,,,,,,,,,,,,,
Gold.Coin.9712,,,,,,,,,,,,,,,,,,,,,,,,,,,,,,
Gold.Coin.9712,,,,,,,,,,,,,,,,,,,,,,,,,,,,,,
Gold.Coin.9712,,,,,,,,,,,,,,,,,,,,,,,,,,,,,,
Gold.Coin.9712,,,,,,,,,,,,,,,,,,,,,,,,,,,,,,
Gold.Coin.9712,,,,,,,,,,,,,,,,,,,,,,,,,,,,,,
Gold.Coin.9712,,,,,,,,,,,,,,,,,,,,,,,,,,,,,,
Gold.Coin.9712,,,,,,,,,,,,,,,,,,,,,,,,,,,,,,
Gold.Coin.9712,,,,,,,,,,,,,,,,,,,,,,,,,,,,,,
Gold.Coin.9712,,,,,,,,,,,,,,,,,,,,,,,,,,,,,,
Gold.Coin.9712,,,,,,,,,,,,,,,,,,,,,,,,,,,,,,
Gold.Coin.9712,,,,,,,,,,,,,,,,,,,,,,,,,,,,,,
Gold.Coin.9712,,,,,,,,,,,,,,,,,,,,,,,,,,,,,,
Gold.Coin.9712,,,,,,,,,,,,,,,,,,,,,,,,,,,,,,
Gold.Coin.9712,,,,,,,,,,,,,,,,,,,,,,,,,,,,,,
Gold.Coin.9712,,,,,,,,,,,,,,,,,,,,,,,,,,,,,,
Gold.Coin.9712,,,,,,,,,,,,,,,,,,,,,,,,,,,,,,
Gold.Coin.9712,,,,,,,,,,,,,,,,,,,,,,,,,,,,,,
Gold.Coin.9712,,,,,,,,,,,,,,,,,,,,,,,,,,,,,,
Gold.Coin.9712,,,,,,,,,,,,,,,,,,,,,,,,,,,,,,
Gold.Coin.9712,,,,,,,,,,,,,,,,,,,,,,,,,,,,,,
